"","stationcode","sampleid","sampledate","oovere","mmi","csci","latitude","longitude","DS_Dur_WS","DS_Mag_50","DS_Mag_90","DS_Tim","FA_Dur","FA_Mag","FA_Tim","Q99","SP_Dur","SP_Mag","SP_ROC","SP_Tim","Wet_BFL_Dur","Wet_BFL_Mag_10","Wet_BFL_Mag_50","Wet_Tim"
"1","312PS0099","312PS0099_06142010_BMI_RWB_1","6/14/10",1.11687099,1.07707254,1.09697177,34.77948,-119.95802,0,-0.00095,-0.00085,0,NA,NA,NA,-0.006,0,0.02905,0,0,0,0.0016,-0.0062,0
"2","312WE1028","312WE1028_05292002_BMI_RWB_1","5/29/02",1.29627794,0.73128893,1.01378344,34.74721,-119.71562,0,0.0026,-0.001,0,NA,NA,NA,0.0248,0,-0.01915,0,0,0,0.00245,0.0066,0
"3","312WE1035","312WE1035_05302002_BMI_RWB_1","5/30/02",0.98393678,1.15763895,1.07078787,34.73287,-119.67637,0,-3e-04,-3e-04,0,NA,NA,NA,0.00505,0,-0.0057,0,0,0,0.00035,0.00185,0
"4","314SYL","314SYL_04042002_BMI_CSBP_Trans_1","4/4/02",1.00210875,0.75676227,0.87943551,34.64387,-120.43045,87,0.68175,7.547,-3,NA,NA,NA,1.62435,-2,21.3624,0,118,0,0.0087,8.04625,0
"5","314WE0542","314WE0542_07112000_BMI_CSBP_Trans_1","7/11/00",0.94113407,0.81614835,0.87864121,34.55085,-120.3583,-8,0.01,0.01,-2,0,0.2341,0,0,27,0,-0.0298,-29,-29,-1.09,1.5,-8
"6","314WE0677","314WE0677_07232008_BMI_RWB_1","7/23/08",0.88825769,1.01024097,0.94924933,34.7477,-120.05303,0,-6e-04,-5e-04,0,NA,NA,NA,-0.0016,0,0.0122,0,0,0,0.00075,-0.00295,0
"7","314WE0779","314WE0779_07112001_BMI_CSBP_Trans_1","7/11/01",1.18379215,1.03092614,1.10735915,34.66959,-119.75404,0,0,0,0,NA,NA,NA,-2e-04,0,-4e-04,0,0,0,0,0,0
"8","314WE0796","314WE0796_07102001_BMI_CSBP_Trans_1","7/10/01",1.17617629,1.02755675,1.10186652,34.68351,-119.79875,-9,0,0.5655,0,NA,NA,NA,0,0,0,0,0,-27,0.8163,0,0
"9","314WE1046","314WE1046_06122002_BMI_RWB_1","6/12/02",1.06892131,1.16384957,1.11638544,34.5365,-119.83603,0,0.003,-0.0015,0,NA,NA,NA,0.1045,0,0.1154,0,0,0,0,-0.0128,0
"10","315CE0584","315CE0584_06072006_BMI_RWB_1","6/7/06",1.31696774,0.92584944,1.12140859,34.47666,-120.33833,0,0,0,0,NA,NA,NA,3e-04,0,0.0013,0,0,0,5e-04,0,0
"11","315GAVGSP","315GAVGSP_05232001_BMI_CSBP_Trans_1","5/23/01",0.61621207,0.61676591,0.61648899,34.47395,-120.22866,1,0,0,0,NA,NA,NA,0.7199,0,1.3983,0,0,-1,0,1e-04,-1
"12","315MIU","315MIU_04282008_BMI_RWB_1","4/28/08",1.11250293,0.90820362,1.01035327,34.44673,-119.70745,0,-0.0021,-0.0023,-1,NA,NA,NA,-0.049,-0.5,0.762,3e-04,0,0.5,5e-04,-0.06065,0
"13","402BA0079","402BA0079_05282008_BMI_RWB_1","5/28/08",0.84225358,0.76776221,0.8050079,34.41183,-119.27418,-0.5,-0.08245,-0.1514,-67,NA,NA,NA,9.1296,-8,14.5207,0,0,0,-0.0316,-0.08785,-6
"14","402BA0095","402BA0095_05292008_BMI_RWB_1","5/29/08",1.32741831,1.10448302,1.21595066,34.46328,-119.34566,0,0,0,0,0,3e-04,0,-0.0032,0,-0.0017,-0.0046,0,-1,0,0.0012,0
"15","402BA0143","402BA0143_05212008_BMI_RWB_1","5/21/08",0.75197227,0.58339355,0.66768291,34.36483,-119.31057,-159,-0.14105,-0.0489,-4,0,-207.7937,-42,38.6539,0,37.1923,0,0,0,-0.0925,-0.378,0
"16","402BA0287","402BA0287_06092008_BMI_RWB_1","6/9/08",1.06228056,1.01762477,1.03995266,34.50284,-119.36644,0,-0.002,-0.0032,0,NA,NA,NA,-0.001,0,-0.00605,0,0,0,0.00655,0.00655,0
"17","402BA0335","402BA0335_05272008_BMI_RWB_1","5/27/08",0.97330032,0.72707352,0.85018692,34.37965,-119.30751,-0.5,0.6024,0.63895,-4,-5,88.5127,0,15.7535,-4,26.2332,5e-04,0,0,0.0485,0.1528,-3
"18","402WE0536","402WE0536_06142000_BMI_CSBP_Trans_1","6/14/00",1.2958773,1.01388147,1.15487938,34.5196,-119.40537,0,-5e-04,-4e-04,0,NA,NA,NA,-0.0069,0,-0.0043,0,0,0,4e-04,-1e-04,0
"19","402WE0803","402WE0803_06122001_BMI_CSBP_Trans_1","6/12/01",0.89504086,0.92623915,0.91064,34.42131,-119.3806,0,-5e-04,-6e-04,0,-31,0.1554,0,0.0022,0,-0.0225,0,0,0,0.0061,-0.00025,0
"20","403BA0015","403BA0015_05192008_BMI_RWB_1","5/19/08",1.02851554,0.98517561,1.00684557,34.5312,-119.18421,0,0,0,0,NA,NA,NA,-0.00025,0,-0.0019,0,0,0,5e-05,0,0
"21","403BA0027","403BA0027_06182014_BMI_RWB_MCM_1","6/18/14",0.95929163,0.90659145,0.93294154,34.66254,-119.05249,0,-1e-04,-1e-04,0,NA,NA,NA,-0.0277,0,-0.0322,0,0,0,0.0052,0.0043,0
"22","403BA0171","403BA0171_05192008_BMI_RWB_1","5/19/08",1.00797511,1.07762104,1.04279807,34.58516,-119.28363,0,-0.0071,-0.0189,0,2,0.1167,0,0.145,0,-0.146,0,0,0,0.0182,-0.018,0
"23","403BA0960","403BA0960_05212008_BMI_RWB_1","5/21/08",1.21564701,1.15631671,1.18598186,34.59078,-118.4617,1,0,0.898,0,NA,NA,NA,0,-72,0,0,0,-9,-0.7,-0.2298,26
"24","403CE0188","403CE0188_05262016_BMI_RWB_1","5/26/16",0.97277465,0.87005079,0.92141272,34.35646,-119.04752,-3,0.07775,0.20175,-5,1,1.895,-3.5,1.526,-2,2.8005,2e-04,0,0,0.00265,0.0179,-1
"25","403S00640","403S00640_06112009_BMI_RWB_1","6/11/09",0.83594331,0.9697914,0.90286736,34.60115,-118.558,-2,-0.0089,0.0022,-0.5,-1,1.8923,-8,-0.00545,-0.5,-0.0655,0,0,0.5,-0.0092,0.07115,-1
"26","403S00831","403S00831_06102010_BMI_RWB_1","6/10/10",0.50063777,0.49407019,0.49735398,34.43048,-118.8318,0,2e-04,-0.00035,0,NA,NA,NA,-0.00265,0,-0.0029,0,0,0,0.00025,-0.00015,0
"27","403S00875","403S00875_06242010_BMI_RWB_1","6/24/10",0.81519658,0.75985826,0.78752742,34.55668,-119.30629,0,0,0,0,NA,NA,NA,1e-04,0,0,0,0,0,0,0,0
"28","403S01195","403S01195_06102009_BMI_RWB_1","6/10/09",0.84471377,0.81192753,0.82832065,34.55903,-119.2678,0,-0.0143,-0.0228,0,-5,4.0565,0,0.6627,0,1.15605,0,0,0,-0.0053,-0.0232,0
"29","403S01536","403S01536_07122011_BMI_RWB_1","7/12/11",1.14601236,0.81793441,0.98197339,34.56909,-118.39212,-6,0.01,0.01,-2,NA,NA,NA,0,27,0,-0.0298,-29,-29,-1.09,1.5,0
"30","403S01707","403S01707_06072010_BMI_RWB_1","6/7/10",0.80468203,0.6366526,0.72066732,34.59835,-119.34799,-1,0.0013,-0.0162,0,NA,NA,NA,0.19775,0,0.04865,0,0,0,0.02995,-0.01205,0
"31","403S01728","403S01728_07132011_BMI_RWB_1","7/13/11",1.33194284,1.18519979,1.25857131,34.5749,-118.46002,-7,0.01,0.01,-42,NA,NA,NA,0.4165,-43,1.0625,0.0458,0,39,0,0.2,-4
"32","403S02363","403S02363_06162011_BMI_RWB_1","6/16/11",1.12084272,1.03018274,1.07551273,34.55885,-119.15456,0,-0.0086,-0.0646,0,0,5.651,0,1.22985,0,1.0653,0,0,0,-0.0406,-0.0073,0
"33","403S03643","403S03643_06242010_BMI_RWB_1","6/24/10",0.98566524,1.03553065,1.01059794,34.56213,-119.12891,0,-0.01075,-0.0218,0,0,5.68165,0,1.2016,0,1.06155,0,0,0,-0.0069,-0.0125,0
"34","403S05291","403S05291_06072010_BMI_RWB_1","6/7/10",1.27320413,0.96709257,1.12014835,34.56397,-119.26305,0,-0.045,-0.0211,0,-5,3.679,0,0.5949,0,1.129,0,0,0,-0.0047,-0.0313,0
"35","403S06139","403S06139_06272012_BMI_RWB_1","6/27/12",0.42262585,0.59795477,0.51029031,34.55464,-119.2405,0,-0.0146,-0.025,0,0,4.2219,0,0.7515,0,1.1594,0,0,0,-0.0057,-0.0104,0
"36","403S06315","403S06315_06272012_BMI_RWB_1","6/27/12",1.07947936,0.75735263,0.918416,34.59223,-119.31033,-1,0.00655,-0.0046,0,NA,NA,NA,0.0196,0,-0.00265,0,0,0,0.0204,-0.0073,0
"37","403S07024","403S07024_06132012_BMI_RWB_1","6/13/12",0.33377852,0.37787701,0.35582777,34.6092,-118.75771,-1,0.17945,0.0674,-1,0.5,7.47335,-4.5,1.0021,-1,-0.7999,0,0,0,0,-0.36845,0
"38","403S07227","403S07227_06272012_BMI_RWB_1","6/27/12",0.6328693,0.70403328,0.66845129,34.56208,-119.16664,0,-0.0126,-0.0226,0,0,5.0955,0,1.0313,0,0.94815,0,0,0,-0.0049,-0.0097,0
"39","403S16332","403S16332_06262013_BMI_RWB_MCM_1","6/26/13",0.64045402,0.59065022,0.61555212,34.5317,-118.75812,-1,0.29055,0.2066,0,0,12.6917,-61,2.32875,0,-0.4008,0,0,0,0.0055,-0.67385,0
"40","403STC009","403STC009_02052003_BMI_CSBP_Trans_1","2/5/03",0.94767171,1.09717344,1.02242257,34.53833,-118.75889,-1,0.31805,0.18485,0,0,12.6161,-61,2.44515,0,-0.5249,0,0,0,0.0055,-0.67435,0
"41","403STC070","403STC070_02052003_BMI_CSBP_Trans_1","2/5/03",1.25138738,0.98502314,1.11820526,34.56667,-119.26278,0,-0.0112,-0.0201,0,0,3.4392,0,0.586,0,1.0701,0,0,0,-0.0033,-0.0204,0
"42","403WE0501","403WE0501_05142013_BMI_RWB_1","5/14/13",0.87303191,0.79137978,0.83220584,34.54172,-118.77286,0,0,0,0,NA,NA,NA,0,0,0,0,0,0,0,0,0
"43","403WE0534","403WE0534_05232016_BMI_RWB_1","5/23/16",1.16092004,0.71140243,0.93616124,34.61359,-118.77983,0,0.14395,0.0319,-1,1,12.7679,0,1.0244,-1,-0.7786,0,0,0,0,-0.3528,-1
"44","403WE0540","403WE0540_05172017_BMI_RWB_1","5/17/17",0.99305801,0.75642474,0.87474137,34.65136,-119.11845,3.5,-0.0015,0.00015,0,NA,NA,NA,-0.00175,0,-0.00115,0,0,0,0,-9e-04,0
"45","403WE0558","403WE0558_06282000_BMI_CSBP_Trans_1","6/28/00",0.98862444,0.98461951,0.98662198,34.49347,-118.45703,-6,0,0.01,-9,-2.5,1.2027,-22.5,0.4322,-36,0.8833,-8e-04,40,-17,0,0.2,-2
"46","403WE0560","403WE0560_07132000_BMI_CSBP_Trans_1","7/13/00",1.07840364,0.92513686,1.00177025,34.55841,-119.14079,0,-0.0132,-0.0236,0,0,5.68595,0,1.13085,0,1.0749,0,0,0,-0.0407,-0.1885,0
"47","403WE0682","403WE0682_05252016_BMI_RWB_1","5/25/16",0.97340199,0.78646633,0.87993416,34.57066,-118.38974,-6,0.01,0.01,-2,NA,NA,NA,0,27,0,-0.0298,-29,-29,-1.09,1.5,0
"48","403WE0683","403WE0683_05152013_BMI_RWB_1","5/15/13",1.25750981,1.24309223,1.25030102,34.43952,-119.07616,0,-3e-04,-6e-04,0,NA,NA,NA,-0.00305,0,0.00625,0,0,0,5e-05,-7e-04,0
"49","403WE0795","403WE0795_06062001_BMI_CSBP_Trans_1","6/6/01",1.07397954,1.09503013,1.08450483,34.6408,-119.08094,-2,0.0032,0.0016,0,NA,NA,NA,0.0286,0,-0.0099,0,0,0,0.00555,-0.00115,0
"50","403WE0809","403WE0809_06052001_BMI_CSBP_Trans_1","6/5/01",1.19558537,1.2850019,1.24029364,34.5515,-119.20811,0,-0.0032,-0.0014,0,0,0.13195,0,0.0343,0,0.0119,0,0,0,-3e-04,-0.0021,0
"51","403WE0891","403WE0891_06142001_BMI_CSBP_Trans_1","6/14/01",1.01843666,1.04262542,1.03053104,34.65926,-119.14255,0,0,0,0,NA,NA,NA,7e-04,0,0.0018,0,0,0,0,0,0
"52","403WE0905","403WE0905_07222008_BMI_RWB_1","7/22/08",1.17759043,1.12138198,1.14948621,34.55734,-119.24876,0,-0.0145,-0.0232,0,-5,4.2857,0,0.70845,0,1.1853,0,0,0,-0.0056,-0.0343,0
"53","403WE1027","403WE1027_05162017_BMI_RWB_1","5/16/17",0.7016109,0.73111317,0.71636204,34.72654,-119.02842,-6,0.01,0.01,-2,0,0.2175,0,0,-2,0,-0.0298,0,0,0.01,1.5,-8
"54","404BA0084","404BA0084_06042008_BMI_RWB_1","6/4/08",1.18093997,0.97707689,1.07900843,34.09079,-118.94926,-63,0,0.3648,-53,NA,NA,NA,0.0033,-23,0.2035,-0.3969,-30,-5,-0.23,0.4172,-33
"55","404BA0376","404BA0376_06052008_BMI_RWB_1","6/5/08",1.13662308,0.7995555,0.96808929,34.11648,-118.66164,-9,0,-0.34,-53,NA,NA,NA,0.1278,-58,0.2305,-0.7978,-9,27,-0.23,-0.7,-5
"56","404BA0526","404BA0526_06042008_BMI_RWB_1","6/4/08",1.14474267,0.9656215,1.05518208,34.04298,-118.87219,-29,0,0.0917,-53,NA,NA,NA,0.0158,-59,0.2107,-0.7555,0,-25,-0.23,-0.7,-33
"57","404BA0616","404BA0616_06032008_BMI_RWB_1","6/3/08",0.87309251,0.60907211,0.74108231,34.17453,-118.69879,-6,0.01,0.01,-2,NA,NA,NA,0,27,0,-0.0298,-29,-29,-1.09,1.5,-1
"58","404BA0852","404BA0852_06032008_BMI_RWB_1","6/3/08",0.91563561,0.90199033,0.90881297,34.07877,-118.82037,-90,0,0.3513,-53,NA,NA,NA,0.0921,-3,0.231,-0.6233,-2,-7,-0.2284,-1.6605,-33
"59","404BA0964","404BA0964_06042008_BMI_RWB_1","6/4/08",0.66784033,0.90600017,0.78692025,34.06133,-118.9649,-1,0,0.3531,-53,NA,NA,NA,0.0465,-56,0.2157,-0.7014,-2,-5,0.184,-0.7,-5
"60","404BA1144","404BA1144_06102008_BMI_RWB_1","6/10/08",1.29635419,0.91856489,1.10745954,34.06064,-118.63755,-7,0,0.0941,-53,NA,NA,NA,0.0791,-57,0.4087,-0.77,-2,-4,-0.23,-0.7,-31
"61","404CE0316","404CE0316_07242007_BMI_RWB_1","7/24/07",0.42953167,0.33288402,0.38120784,33.99722,-118.4025,-46.5,0.69305,1.3032,-88,-2,500.979,-27,974.34975,-50,644.62095,0,43.5,0,0.92915,-18.2183,-28.5
"62","404S00808","404S00808_06222010_BMI_RWB_1","6/22/10",0.58896347,0.40734668,0.49815508,34.11411,-118.77907,-36,0,-0.387,-3.5,NA,NA,NA,25.66835,-82,16.6068,-0.215,22,29,0.32,0.2,-63
"63","404S01128","404S01128_06232010_BMI_RWB_1","6/23/10",0.60968734,0.6197525,0.61471992,34.1039,-118.71271,-95,0,0.2986,-52,NA,NA,NA,12.3471,-80,2.2892,-0.6276,-2,33,0.18,0.2,-54
"64","404S02920","404S02920_05122009_BMI_RWB_1","5/12/09",0.60294547,0.45820303,0.53057425,34.17748,-118.767,-28,0,-0.32,-3,NA,NA,NA,0.9987,-16,-1.921,-0.46975,25.5,39,-0.1532,-0.6908,-21
"65","404S03048","404S03048_05132009_BMI_RWB_MCM_1","5/13/09",0.97881247,0.50549524,0.74215385,34.18426,-118.79089,-27,0,0.0549,-1,NA,NA,NA,0.3188,-57,0.2047,-0.6394,-1,-7,-0.23,0.2,-31
"66","404S06456","404S06456_05142009_BMI_RWB_1","5/14/09",1.08350961,0.88735875,0.98543418,34.06463,-118.58685,-16,0,0.1212,-53,NA,NA,NA,1.5087,-74,0.3828,-0.3474,-2,32,0.4337,-0.7,-34
"67","404S08040","404S08040_05122009_BMI_RWB_MCM_1","5/12/09",0.45596072,0.31891106,0.38743589,34.14358,-118.75527,-19,0,-0.34,-0.5,NA,NA,NA,13.90165,-21.5,2.43995,-0.2345,22,27,0.18,-0.2051,-17.5
"68","404S08616","404S08616_05132009_BMI_RWB_MCM_1","5/13/09",0.58140572,0.31196921,0.44668746,34.12188,-118.7924,-55,0.06,-0.51,-44,NA,NA,NA,16.5392,-53.5,13.4418,-0.016,6.5,3,0,0.78455,9.5
"69","404S08846","404S08846_06222010_BMI_RWB_1","6/22/10",0.99158429,0.91038558,0.95098493,34.05442,-118.58176,-22,0,0.1325,-8,NA,NA,NA,1.6431,-60,-3.941,-0.2762,-2,31,-0.1484,-0.1366,-38
"70","404S11880","404S11880_06072011_BMI_RWB_1","6/7/11",0.77847125,0.59700165,0.68773645,34.12529,-118.70827,-32,0,0.3327,-14,NA,NA,NA,9.4841,-60,5.12,-0.0276,-2,39,0.2686,-0.7,-14
"71","404S13416","404S13416_06082011_BMI_RWB_1","6/8/11",0.91022292,0.61911187,0.76466739,34.09875,-118.71594,-99,0,0.37,-72,NA,NA,NA,14.0055,-26,2.4229,-0.5902,9,23,-0.2291,-0.0799,-6
"72","404S14952","404S14952_06152011_BMI_RWB_MCM_1","6/15/11",0.54496177,0.45783839,0.50140008,34.14268,-118.70089,-6,0,0.1876,-66,NA,NA,NA,4.6259,-21,0.2674,-0.4061,-8,1,0.18,-0.682,-12
"73","404S16516","404S16516_05182009_BMI_RWB_1","5/18/09",0.61217202,0.59635442,0.60426322,34.12998,-118.75648,-15,0.0536,0.46135,-33,7,15.2758,-19.5,33.4522,-31,18.354,0,32,57,0.0079,4.0921,-26
"74","404S17266","404S17266_05192009_BMI_RWB_1","5/19/09",0.80328807,0.55965578,0.68147192,34.10741,-118.7118,-90,0,0.289,-43,NA,NA,NA,11.8982,-21,1.514,-0.6295,-2,33,0.18,0.2,-46
"75","404S17664","404S17664_05202009_BMI_RWB_1","5/20/09",0.61386252,0.52520388,0.5695332,34.14994,-118.6976,-74,0,0.1383,-64,NA,NA,NA,3.3964,-74,0.5821,-0.5675,-2,1,0.18,-0.6851,-13
"76","404S22464","404S22464_05192009_BMI_RWB_1","5/19/09",0.62048115,0.50348232,0.56198173,34.12676,-118.70685,-13,0,0.2212,-71,NA,NA,NA,10.2463,-9,0.5144,-0.4502,-1,31,-0.1544,-0.6812,-54
"77","404S25668","404S25668_06232010_BMI_RWB_1","6/23/10",0.45160413,0.66033222,0.55596817,34.12139,-118.70914,-92,0,0.2538,-71,NA,NA,NA,10.1587,-18,0.6388,-0.4588,-1,33,-0.1931,-0.6884,-10
"78","404S26868","404S26868_06262012_BMI_RWB_1","6/26/12",0.75093391,0.71165834,0.73129612,34.09675,-118.71737,-11,0,0.3137,-67,NA,NA,NA,9.68,-76,1.4685,-0.59155,0,26,0.09,-0.6455,-15
"79","404S28068","404S28068_06202012_BMI_RWB_1","6/20/12",0.65591767,0.56609057,0.61100412,34.13936,-118.70366,-9,0,0.2218,-61,NA,NA,NA,4.1204,-19,0.2699,-0.3978,-8,2,0.18,-0.6814,-13
"80","404S28270","404S28270_06182012_BMI_RWB_1","6/18/12",0.61848048,0.51923379,0.56885714,34.13663,-118.75725,-27,0.0163,0.1186,-4,7,14.05265,-19,27.6262,-34.5,2.9561,0,35.5,71.5,0,0.23095,-17
"81","404S32468","404S32468_06262012_BMI_RWB_1","6/26/12",0.76755326,0.5275603,0.64755678,34.0999,-118.72304,-99,0,0.0866,-72,NA,NA,NA,64.7612,-22,36.2637,-0.4204,21,46,-0.2243,-0.6578,-29
"82","404S34120","404S34120_06212012_BMI_RWB_1","6/21/12",0.74064526,0.43919335,0.5899193,34.16558,-118.78918,5,0.003,0.0146,-7.5,NA,NA,NA,5.1779,-56,2.29055,0,39.5,61.5,0,0.28485,-13
"83","404S35270","404S35270_06202012_BMI_RWB_1","6/20/12",0.90200056,0.6416907,0.77184563,34.13325,-118.70656,-12,0,0.2076,0,NA,NA,NA,8.4188,-77,0.5187,-0.3368,-1,31,-0.1538,-0.695,-15
"84","404S45622","404S45622_06032013_BMI_RWB_1","6/3/13",1.14528188,0.85645776,1.00086982,34.06149,-118.58534,-20,0,0.1328,-53,NA,NA,NA,1.5595,-56,0.3639,-0.3426,-1,32,0.0899,0.02,-33
"85","405CE0280","405CE0280_07022018_BMI_RWB_1","7/2/18",1.14791261,0.65157175,0.89974218,34.23041,-117.74981,0,-0.00085,-9e-04,0,NA,NA,NA,0,0,0,0,0,0,0,2e-04,0
"86","405PS0030","405PS0030_07082015_BMI_RWB_1","7/8/15",1.06476871,0.6488247,0.8567967,34.23487,-117.80523,0,-0.02265,-0.0299,0,NA,NA,NA,0.2174,0,-0.2356,0,0,0,0.00415,-0.0973,0
"87","405WE0777","405WE0777_06202001_BMI_CSBP_Trans_1","6/20/01",1.22327116,1.14574154,1.18450635,34.25461,-118.08523,-8,0,0.01,2,-1,0.1768,0,0.0462,-25,0.0542,-0.3982,0,-7,0,0.2,-4
"88","407CE0092","407CE0092_04272004_BMI_RWB_1","4/27/04",0.38989811,0.25195626,0.32092719,34.27931,-119.22089,-53,0,0.2,-16,NA,NA,NA,0.0529,-38,0.1098,-0.2602,64,81,-0.1,0.0436,-19
"89","407CE0668","407CE0668_05222007_BMI_RWB_1","5/22/07",0.42151147,0.26984725,0.34567936,34.28231,-119.21909,-53,0,0.2,-16,NA,NA,NA,0.0529,-38,0.1098,-0.2602,64,81,-0.1,0.0436,-19
"90","408BA0660","408BA0660_04272017_BMI_RWB_1","4/27/17",0.6407612,0.44047644,0.54061882,34.26784,-118.93781,198,-0.2993,-0.42745,-159,NA,NA,NA,207.8451,-79.5,139.8043,-1e-04,102,-40,1.06995,7.1813,20
"91","408BA0836","408BA0836_06042014_BMI_RWB_MCM_1","6/4/14",0.49921918,0.55818325,0.52870122,34.19071,-119.0051,166.5,-0.2999,-0.2172,-117,NA,NA,NA,239.198,-52.5,106.3469,0,152,-55.5,-0.32555,1.17125,25
"92","408BA0916","408BA0916_05082008_BMI_RWB_1","5/8/08",0.98677149,0.58187625,0.78432387,34.23266,-118.95311,162,-0.28105,-0.23045,-129,NA,NA,NA,155.4699,-57.5,170.49265,0,152,-52.5,-0.3381,1.9186,-21
"93","408CAL012","408CAL012_10302001_BMI_CSBP_Trans_1","10/30/01",0.73202817,0.5622054,0.64711679,34.27242,-118.78131,-4,-0.1363,-0.2805,-190,NA,NA,NA,64.8292,0,45.6026,-0.0337,-1,23,-0.1355,-0.2676,-13
"94","408PS0032","408PS0032_05212008_BMI_RWB_MCM_1","5/21/08",0.68520605,0.56951694,0.6273615,34.1688,-119.05743,192.5,-0.66795,-0.4006,-142.5,NA,NA,NA,403.57615,-80,312.4384,-1e-04,143,-42.5,9.48845,13.96045,24.5
"95","408WE0547","408WE0547_07122000_BMI_CSBP_Trans_1","7/12/00",0.57194799,0.52345272,0.54770035,34.19094,-119.0859,NA,NA,NA,-90,NA,NA,NA,62.5242,-212,-42.71815,0,116,46,-0.001,1.0365,-3
"96","408WE0654","408WE0654_06132001_BMI_CSBP_Trans_1","6/13/01",0.57245645,0.51648834,0.5444724,34.16522,-119.09069,NA,NA,NA,-108,NA,NA,NA,26.5144,-99.5,24.0913,0,61,12.5,0,0,-21
"97","408WE1039","408WE1039_05072002_BMI_RWB_1","5/7/02",0.266129,0.24113287,0.25363094,34.14743,-119.087,1,-0.2238,-6e-04,-39,1,0.0492,2,0,-40,0,0,-1,-1,-1e-04,1.498,-2
"98","410CE0284","410CE0284_05042006_BMI_RWB_1","5/4/06",0.58420235,0.29408839,0.43914537,34.14944,-119.19111,-30.5,-0.27595,-0.3918,29.5,1,-73.6196,-21,61.5707,-3,47.35265,-0.0618,29,59.5,-0.1923,-0.4264,-32.5
"99","412CE0104","412CE0104_07192005_BMI_RWB_1","7/19/05",0.74091358,0.47239027,0.60665192,34.06911,-118.22324,-8,-8.7661,-15.7761,30.5,0,-2271.4617,-9,1368.2699,-177,1041.7558,-0.0262,-1,-21,-7.8456,-27.2778,-6
"100","412CE0616","412CE0616_07162015_BMI_RWB_MCM_1","7/16/15",0.761421,0.5589496,0.6601853,34.15397,-118.42994,-14,-6.4951,-8.1781,19.5,-15.5,-828.07575,-13,1188.5554,-54,527.61275,-0.01825,0,22,-4.4836,-10.7649,-84
"101","412CE0732","412CE0732_09022015_BMI_RWB_MCM_1","9/2/15",0.72943747,0.42857332,0.5790054,34.15513,-118.31261,-1.5,-7.7819,-6.0326,-193,1.5,1902.6606,-13,918.2787,-20,975.6307,-0.0147,29,0,-6.0131,-6.7547,-4
"102","412WE0552","412WE0552_08022018_BMI_RWB_1","8/2/18",0.93327878,0.57819127,0.75573503,34.23908,-118.18059,-9,0,0.01,-2,-6,0.331,0,0.0642,-43,0.6667,0.0097,0,-9,0,0.2,-4
"103","412WE0563","412WE0563_06212001_BMI_CSBP_Trans_1","6/21/01",1.24511685,1.0295481,1.13733248,34.34716,-118.04869,-1,0,0,-8,NA,NA,NA,0,-10,0,0,0,0,0,0,0
"104","412WE0896","412WE0896_09022015_BMI_RWB_1","9/2/15",0.99087917,0.77948508,0.88518212,34.28771,-118.23008,-2,-0.0065,-1e-04,-0.5,-0.5,1.4814,-1.5,-0.0233,-1,-0.088,0,0,-3,-0.03165,0.17435,0
"105","481S05856","481S05856_06132013_BMI_RWB_1","6/13/13",1.33319724,1.1046872,1.21894222,34.19152,-117.67601,NA,NA,NA,0,NA,NA,NA,0.3413,0,-0.0853,0,0,1,0.7644,-0.0611,-1
"106","722PS0535","722PS0535_04082015_BMI_RWB_1","4/8/15",1.16765702,0.61824308,0.89295005,33.36921,-116.42223,0,0,0,0,NA,NA,NA,0,NA,0,NA,0,NA,NA,NA,0
"107","722PS0611","722PS0611_06082010_BMI_RWB_1","6/8/10",0.58976735,0.67270937,0.63123836,33.11256,-116.4447,NA,NA,NA,0,NA,NA,NA,1.3953,0,-0.0141,0,0,0,0.1656,-0.76385,0
"108","801CE0152","801CE0152_07202005_BMI_RWB_1","7/20/05",1.19958438,0.90088726,1.05023582,34.18783,-117.1803,-9,-0.0027,-0.0035,-2,NA,NA,NA,0.0466,-2,0.0529,0,-1,-13,-0.021,0.0352,-1
"109","801LYC271","801LYC271_06102014_BMI_RWB_1","6/10/14",1.09673446,0.80212795,0.94943121,34.22931,-117.47362,0,-0.00495,-0.0209,0,NA,NA,NA,1.0455,0,-0.1246,-2e-04,0,-4,2e-04,0.0037,-18
"110","801MIC042","801MIC042_06092014_BMI_RWB_1","6/9/14",0.39845887,0.41813884,0.40829885,33.94623,-117.61423,175,-0.7528,-0.63245,-95.5,NA,NA,NA,175.2174,-99.5,85.237,-1e-04,116,-15,-1.1986,-1.2777,-118
"111","801RB8361","801RB8361_06122014_BMI_RWB_MCM_1","6/12/14",0.94115258,0.6633591,0.80225584,33.96825,-117.44789,NA,NA,NA,88,NA,NA,NA,-238.4059,NA,NA,NA,NA,NA,NA,NA,-16
"112","801RB8501","801RB8501_06182013_BMI_RWB_1","6/18/13",1.12350903,0.71801694,0.92076299,34.09189,-116.94243,2,0.1,0.1,0,NA,NA,NA,0,-50,0,0,0,-2,0,0,1
"113","801S08727","801S08727_06052013_BMI_RWB_1","6/5/13",1.04471789,0.93890552,0.9918117,34.2171,-117.46178,2,0.1,0.1,12,NA,NA,NA,0,12,0,-0.02,0,-2,0,0,2
"114","801WE0550","801WE0550_06272000_BMI_CSBP_Trans_1","6/27/00",1.18741016,1.17019451,1.17880233,34.16471,-116.97444,-1,-0.03935,-0.0424,0,0,0.0404,0,0.4347,0,-0.5431,0,0,0,-0.0383,-0.04785,0
"115","801WE0669","801WE0669_06262001_BMI_CSBP_Trans_1","6/26/01",1.21608202,1.25837704,1.23722953,34.23169,-116.99915,-14,0,-1.2235,-57,NA,NA,NA,34.5351,-61,29.9225,-0.0152,0,-1,-0.23,-2.07,-15
"116","801WE0674","801WE0674_05142013_BMI_RWB_1","5/14/13",1.21294887,1.16850057,1.19072472,34.17617,-116.9839,-1,0,0,-7,NA,NA,NA,0,-4,0,0,0,0,0,0,0
"117","801WE0989","801WE0989_06182002_BMI_RWB_1","6/18/02",0.8697001,0.62846723,0.74908367,33.91889,-117.60776,22,0,0.275,-27.5,NA,NA,NA,1266.49665,-26.5,666.54615,0.0728,0,1.5,-2.1,0.8,0.5
"118","801WE1008","801WE1008_06292016_BMI_RWB_1","6/29/16",0.89480661,0.7446729,0.81973976,34.18128,-116.91197,2,0.1,0.1,12,NA,NA,NA,0,12,0,-0.02,0,-2,0,0,2
"119","801WE1013","801WE1013_05152002_BMI_RWB_1","5/15/02",1.1699735,0.9501494,1.06006145,34.10098,-117.01071,-1,-0.055,-0.0107,0,NA,NA,NA,0.0415,-1,-0.02515,0,0,-1,-0.0099,-0.1064,0
"120","801WE1020","801WE1020_06142005_BMI_CSBP_Comp_1","6/14/05",0.62480521,1.03102943,0.82791732,34.25257,-117.53174,0,0,0,0,NA,NA,NA,-1e-04,0,0,0,0,0,0,0,0
"121","801WE1032","801WE1032_06042002_BMI_RWB_1","6/4/02",0.65599068,0.62548919,0.64073994,33.96165,-117.50039,NA,NA,NA,66,NA,NA,NA,819.6021,66,519.521,0.1027,-1,8,1.1192,42.5016,-9
"122","801WE1043","801WE1043_05012007_BMI_TRC_1","5/1/07",0.84428889,1.15130685,0.99779787,34.17289,-117.18064,-4,-0.0272,-0.0324,0,-1,5.4104,-1,0.20305,0,0.1621,0,-1,-2,-0.0149,-0.034,-9
"123","801WE1127","801WE1127_06132002_BMI_RWB_1","6/13/02",1.14004617,1.24086963,1.1904579,34.18401,-117.25876,-2,-0.0113,-0.0068,-8,2.5,-8.5146,-19,0.1204,-6,0.3671,0,-1,-6,-0.0092,0.00075,-1
"124","801WE1132","801WE1132_04202015_BMI_RWB_1","4/20/15",1.11545892,1.14749908,1.131479,34.13332,-116.84289,5,0,0,-47,NA,NA,NA,0.0011,-47,0.0016,-2e-04,0,0,0,0,0
"125","802SJR116","802SJR116_06122014_BMI_RWB_1","6/12/14",0.87349684,0.39144727,0.63247206,33.66396,-117.2787,158,1.7372,4.0951,-38,NA,NA,NA,720.7063,-38,450.2389,0,92,5,-0.2299,-5.445,-5
"126","802WE0539","802WE0539_07192000_BMI_RWB_1","7/19/00",0.88644814,0.89855991,0.89250403,33.77174,-116.7696,-1,-7e-04,-0.0012,-1,0,0.11045,0,-0.00315,0,-0.0034,0,0,-1,-0.0016,-0.00655,0
"127","802WE0658","802WE0658_04212015_BMI_RWB_1","4/21/15",1.01523621,0.89775454,0.95649537,33.79824,-116.74831,-2,-0.0016,-0.0034,0,2,0.5033,0,0.01345,-1,-0.0031,0,0,-1,-0.00525,-0.01605,-2
"128","802WE0794","802WE0794_05102001_BMI_RWB_1","5/10/01",0.93697443,0.82507825,0.88102634,33.72962,-116.6735,0,0,0,0,NA,NA,NA,0,0,0,0,0,0,0,0,0
"129","901DCCSMC","901DCCSMC_05162011_BMI_RWB_1","5/16/11",1.17584545,1.08280734,1.1293264,33.47303,-117.4659,0,-0.0066,0.0157,0,NA,NA,NA,-0.6394,0,0.313,0,-1,-1,0.1252,-0.0424,0
"130","901S00313","901S00313_04302009_BMI_RWB_1","4/30/09",0.78222348,0.5596484,0.67093594,33.60642,-117.44623,-7,0.01,0.01,-2,0,0.2256,0,0,26,0,-0.0298,-29,-29,-1.09,-1.3,-8
"131","901S00997","901S00997_05142009_BMI_RWB_1","5/14/09",0.56525695,0.3720908,0.46867387,33.44002,-117.61937,-47,0.003,0.0982,-34,NA,NA,NA,18.8374,-61,2.7847,0,73,105,0,-0.0181,-35
"132","901S01705","901S01705_05092017_BMI_RWB_1","5/9/17",1.07855517,0.89395534,0.98625526,33.60369,-117.51,0,-1e-04,-2e-04,0,NA,NA,NA,-2e-04,0,-0.0014,0,0,0,0,-0.0012,0
"133","901S01811","901S01811_05072009_BMI_RWB_1","5/7/09",0.89413886,0.43343419,0.66378652,33.56418,-117.71792,-28,0.0132,0.2217,-38,2,9.9151,-47,113.0292,-32,31.5052,0,34,63,0,0.5161,-20
"134","901S01849","901S01849_05102017_BMI_RWB_1","5/10/17",1.19172239,1.03686062,1.11429151,33.55523,-117.39779,-6,0.01,0.01,-2,NA,NA,NA,0,27,0,-0.0298,-29,-29,-1.09,1.5,0
"135","901S04409","901S04409_05192011_BMI_RWB_1","5/19/11",1.02084484,0.8790989,0.94997187,33.60347,-117.45314,-15,0.01,0.0201,-2,0,0.20175,-0.5,0,27,0,-0.0298,-29,-28,-1.09,-1.3,-8
"136","901S06851","901S06851_05192011_BMI_RWB_1","5/19/11",0.90864304,0.47509683,0.69186994,33.55052,-117.67542,-69,0.0121,-0.0612,11.5,NA,NA,NA,78.5726,-33,16.0675,0,39.5,98.5,0,-0.7407,-25.5
"137","901S06969","901S06969_05312012_BMI_RWB_1","5/31/12",0.85281563,0.76090336,0.8068595,33.55334,-117.39579,-6,0.01,0.01,-2,NA,NA,NA,0,27,0,-0.0298,-29,-29,-1.09,1.5,-1
"138","901SJC74x","901SJC74x_04222009_BMI_RWB_1","4/22/09",0.49188019,0.39939368,0.44563694,33.51917,-117.62372,NA,NA,NA,NA,NA,NA,NA,NA,NA,44.7971,NA,147.5,NA,NA,NA,NA
"139","902S01097","902S01097_05112009_BMI_RWB_1","5/11/09",1.29787326,0.80264027,1.05025676,33.48724,-117.25537,-3,0.0042,-0.00175,-0.5,NA,NA,NA,3.5022,-21,3.9302,0,0,-2,-0.0099,-0.0106,-15
"140","903M20235","903M20235_06122018_BMI_RWB_1","6/12/18",0.78813251,0.65973673,0.72393462,33.24759,-116.78551,0,0.0031,0.42535,0,NA,NA,NA,-0.1056,-1,0.883,0,0,0.5,-0.10355,-0.0203,-0.5
"141","903WE0798","903WE0798_05042016_BMI_RWB_1","5/4/16",1.01056442,0.77545445,0.89300943,33.33669,-116.82848,0,-0.0012,-0.0014,0,NA,NA,NA,-0.0365,0,-0.0013,0,0,0,0.0043,-0.00165,0
"142","903WE0900","903WE0900_05042016_BMI_RWB_1","5/4/16",1.23393264,0.82614786,1.03004025,33.33052,-116.81511,0,-0.0015,-0.00165,0,0,-0.1055,0,0.0283,0,0.04175,0,0,0,0.0054,0.0024,0
"143","905CE0512","905CE0512_04202004_BMI_RWB_1","4/20/04",1.22510636,0.94344596,1.08427616,33.11137,-116.74386,-6,0.01,0.01,-2,NA,NA,NA,0,27,0,-0.0298,-29,-29,-1.09,1.5,0
"144","905S02561","905S02561_05252011_BMI_RWB_1","5/25/11",1.00161487,1.19546283,1.09853885,33.12974,-116.63591,-29,0.01,0.01,-2,0,0.2199,0,0,-2,0,-0.0298,0,0,0.01,1.5,-8
"145","905WE0679","905WE0679_05042017_BMI_RWB_1","5/4/17",0.92801724,1.24502608,1.08652166,33.13163,-116.6544,-22,0.01,0.0201,-2,-1,0.2226,-3,0,-2,0,-0.0298,0,0,-1.09,1.5,-8
"146","905WE1018","905WE1018_06092015_BMI_RWB_1","6/9/15",0.96784781,0.44184056,0.70484419,33.12423,-116.68157,-13,0.01,0.01,-2,0,0.1974,-0.5,0,-2,0,-0.0298,0,0,-1.09,1.5,-8
"147","907M23331","907M23331_06082016_BMI_RWB_1","6/8/16",0.86023158,0.68067171,0.77045165,32.84058,-116.90771,NA,NA,NA,-23,NA,NA,NA,30.967,-23,9.7165,0.0011,212,46,-0.2552,-0.2365,-46
"148","907M23367","907M23367_05292018_BMI_RWB_1","5/29/18",1.00799082,0.82843648,0.91821365,32.96335,-116.66364,38,0.396,0.1554,-79,NA,NA,NA,-0.0313,-24.5,-0.17855,0,0,0,-0.8793,-2.3668,0
"149","907S00577","907S00577_05122009_BMI_RWB_1","5/12/09",1.26180663,0.8564385,1.05912257,33.0767,-116.67455,-49,0,-0.34,-1,NA,NA,NA,0,-1,0,-6e-04,-1,0,-0.57,-3.3,-42
"150","907S01418","907S01418_05122009_BMI_RWB_1","5/12/09",1.28016597,1.16963302,1.2248995,32.99254,-116.71771,0,-0.0022,-0.0024,0,NA,NA,NA,-0.00255,0,0.0095,-5e-05,0,-48,-0.00205,-0.0016,0
"151","907S01434","907S01434_05132009_BMI_RWB_1","5/13/09",1.0880936,0.8580051,0.97304935,32.90475,-116.62501,-4,0.01,0.01,-2,0,0.2238,0,0,-2,0,-0.0298,0,0,0.01,1.5,0
"152","907S01610","907S01610_05042015_BMI_RWB_1","5/4/15",1.08364884,0.77737617,0.9305125,32.96675,-116.65275,0,-0.0111,-0.0135,0,NA,NA,NA,0.736,0,-0.011,0,0,0,-0.0071,-0.0057,0
"153","907S03210","907S03210_05182011_BMI_RWB_1","5/18/11",0.87816142,1.00570687,0.94193415,33.00312,-116.72918,NA,NA,NA,NA,NA,NA,NA,NA,NA,1.5323,NA,174,NA,NA,NA,NA
"154","907S03786","907S03786_05302012_BMI_RWB_1","5/30/12",1.20517323,1.20699832,1.20608577,32.89421,-116.65844,-7,0.01,0.01,-2,-1,0.2086,0,0,-2,0,-0.0298,0,0,0.01,1.5,-8
"155","909M24925","909M24925_05102016_BMI_RWB_1","5/10/16",1.07587691,0.59669067,0.83628379,32.83848,-116.63814,1,0.0072,0.1581,-1,NA,NA,NA,-0.505,-1,-0.2144,-5e-05,0,-0.5,0,10.6583,0.5
"156","909M24937","909M24937_06222016_BMI_RWB_1","6/22/16",0.92231154,0.83076448,0.87653801,32.81935,-116.70775,NA,NA,NA,0,NA,NA,NA,-0.30655,-18,0.458,0,-0.5,14,0,0.3384,-14.5
"157","909SSWR03","909SSWR03_04202009_BMI_RWB_1","4/20/09",0.77761683,1.00064442,0.88913062,32.83521,-116.62203,1,0.01155,0.0199,-0.5,NA,NA,NA,0.4169,-0.5,-0.1756,0.00015,0,0,0.00045,-0.754,-2
"158","909WE0662","909WE0662_06102019_BMI_RWB_1","6/10/19",0.9872586,0.63381972,0.81053916,32.89957,-116.58789,-11.5,-0.0059,-0.0209,0,NA,NA,NA,-0.01305,0,-0.0289,0,0,1.5,0.00265,0.0139,-1.5
"159","909WE0780","909WE0780_05152001_BMI_RWB_1","5/15/01",1.18991554,0.84993517,1.01992536,32.92981,-116.55901,1,0.003,0.031,-1,NA,NA,NA,0.1493,-1,0.2297,0,0,-6,0,0,0
"160","911S00538","911S00538_05052009_BMI_RWB_1","5/5/09",1.18079619,0.92886087,1.05482853,32.78123,-116.63207,0,-0.0754,-0.0077,-2,0,10.61345,-2,0.36445,-0.5,0.4878,0,-0.5,-0.5,-0.08725,0.15075,-1
"161","911S00858","911S00858_05092017_BMI_RWB_1","5/9/17",1.03707731,0.8747066,0.95589196,32.90282,-116.49337,7,0,0,0,NA,NA,NA,0.0124,0,0.162,0,85,-7,0,0,7
"162","911S01142","911S01142_04192016_BMI_RWB_1","4/19/16",1.043975,0.75510049,0.89953775,32.73547,-116.65268,0,-0.0431,-0.01435,-0.5,NA,NA,NA,0.2563,-2,0.47435,0,-0.5,-0.5,-0.05015,-0.33395,-12
"163","911S01818","911S01818_05062009_BMI_RWB_1","5/6/09",1.1338377,0.97161437,1.05272603,32.86215,-116.52037,-23,-0.02,0,-15,NA,NA,NA,0,-24,0,-0.0357,0,0,-0.62,0,-25
"164","911S02058","911S02058_05052009_BMI_RWB_1","5/5/09",1.18913156,0.90379534,1.04646345,32.76142,-116.64257,1.5,-0.0542,-0.0259,-2,NA,NA,NA,0.9427,-2,0.1123,0,-1,-3,-0.0456,0.0229,-0.5
"165","911S03354","911S03354_05052009_BMI_RWB_1","5/5/09",1.23616257,1.06459563,1.1503791,32.79112,-116.61677,NA,NA,NA,0,NA,NA,NA,4.1142,0,5.3186,-2e-04,153,6,0,0.4355,-6
"166","911S04086","911S04086_05062009_BMI_RWB_1","5/6/09",0.98181077,0.74680691,0.86430884,32.67454,-116.57777,-0.5,-0.05565,-0.0595,-8,NA,NA,NA,-0.00765,-61,-0.0042,0,-1,0.5,-0.04505,-0.12555,-4
"167","LALT501","LALT501_07032018_BMI_RWB_1","7/3/18",0.78514768,0.52379135,0.65446951,34.08009,-118.22419,-194,1.4153,5.7704,-25,-1,976.7279,-27,1629.14005,-56.5,49.5918,0,45,3,3.13765,18.64735,-12
"168","SGLT506","SGLT506_07022018_BMI_RWB_1","7/2/18",0.51148097,0.51768928,0.51458513,34.06173,-117.99129,-132,-3.4524,-4.0487,-143,0,-34.6747,-27,421.43795,-2,276.4683,-0.02445,18,18,-2.5032,-7.3075,-8.5
"169","SGUR010","SGUR010_06272011_BMI_RWB_1","6/27/11",1.12038116,0.8412268,0.98080398,34.19498,-117.86114,0,-0.0052,-0.0507,0,0,6.7518,0,0.5235,0,2.5798,0,0,0,0.1473,0.2488,0
"170","SGUR103","SGUR103_05152014_BMI_RWB_1","5/15/14",1.34085153,0.83116748,1.0860095,34.23218,-118.05822,-9,0.0022,-7e-04,0,1,-0.1323,0,-0.0149,0,-0.0294,0,0,-1,0,-0.0299,-2
"171","SGUT501","SGUT501_07052016_BMI_RWB_1","7/5/16",1.30974948,1.06056457,1.18515703,34.2408,-117.8833,-2,0,0,0,NA,NA,NA,-1e-04,-3,0,0,0,-1,0,-1e-04,0
"172","SGUT502","SGUT502_06092016_BMI_RWB_1","6/9/16",0.40431592,0.61935232,0.51183412,34.2283,-117.76593,0,-0.0066,-0.0076,0,NA,NA,NA,-0.0049,0,-7e-04,0,0,0,-5e-04,-0.0092,0
"173","SGUT503","SGUT503_07112016_BMI_RWB_1","7/11/16",1.11199092,0.99119782,1.05159437,34.29216,-117.83856,-0.5,-0.00275,-0.004,0,NA,NA,NA,0.3052,0,-0.0251,0,0,0,-0.0059,0.1596,-1
"174","SGUT504","SGUT504_07072016_BMI_RWB_1","7/7/16",1.0567298,0.70185628,0.87929304,34.2377,-117.8203,-15,0.0965,-0.702,1,2.5,0.29855,-2.5,0.2798,-12,0.2514,0,-2,-3,-0.0064,-0.101,-3
"175","SGUT505","SGUT505_06262014_BMI_RWB_1","6/26/14",0.91445196,0.63870126,0.77657661,34.16939,-117.88932,0,-0.05875,-0.3319,0,NA,NA,NA,1.7915,0,-0.4529,0,0,0,4e-04,-0.3186,0
"176","SMC00080","SMC00080_06062012_BMI_RWB_MCM_1","6/6/12",0.85453806,0.75984062,0.80718934,34.32909,-118.08188,-2,0,0,-3,NA,NA,NA,0,-13,0,0,0,0,0,0,0
"177","SMC00105","SMC00105_04122017_BMI_RWB_1","4/12/17",0.93219507,0.66263644,0.79741575,33.74651,-117.58423,0,-1e-04,-9e-04,-1,NA,NA,NA,0.1172,-1,0.0369,0,0,-11,0,0.0316,0
"178","SMC00198","SMC00198_07092014_BMI_RWB_1","7/9/14",0.97324705,0.65625936,0.81475321,32.93709,-117.13851,-10,-0.863,-1.2666,-15,1,21.7957,-9,35.0796,0.5,77.2694,-2e-04,47,48.5,-0.48885,-0.7612,-27
"179","SMC00271","SMC00271_06252018_BMI_RWB_1","6/25/18",1.06833621,0.88872797,0.97853209,34.5485,-119.16547,0,-3e-04,-4e-04,0,1,-0.0016,0,3e-04,0,0.00795,0,0,0,5e-05,-0.0016,0
"180","SMC00282","SMC00282_06092009_BMI_RWB_1","6/9/09",1.15106251,0.81032509,0.9806938,32.8718,-116.61357,0,-0.0039,-0.00675,0.5,NA,NA,NA,0.1768,0.5,-0.0743,-1e-04,0,1,4e-04,-0.3456,-1
"181","SMC00288","SMC00288_06042014_BMI_RWB_1","6/4/14",0.68350335,0.52783324,0.6056683,34.13118,-117.76,-29,0.002,-0.0215,1.5,NA,NA,NA,1.7457,-37,0.13775,0,38,47.5,0,0.0282,-4.5
"182","SMC00318","SMC00318_06152010_BMI_RWB_1","6/15/10",0.50659424,0.25220035,0.3793973,33.81287,-118.20558,-16.5,-13.0032,-19.26025,-247,NA,NA,NA,2112.0054,-12,2119.5506,-0.0287,33,41,-8.2832,-11.4458,-16
"183","SMC00382","SMC00382_06212018_BMI_RWB_1","6/21/18",0.39645478,0.30883195,0.35264336,34.04437,-117.99413,8,0,0.0041,-33,NA,NA,NA,4.7299,-60,2.9097,0,36,52,0,0.0301,-7
"184","SMC00428","SMC00428_06012016_BMI_RWB_1","6/1/16",1.03589939,0.80367303,0.91978621,34.2481,-118.04976,-7,0,0.01,1,-4,-0.9665,-44,0.1973,-4,0.5458,-0.3849,-13,-14,0,0.2,-4
"185","SMC00436","SMC00436_05312017_BMI_RWB_1","5/31/17",0.72958736,0.49112596,0.61035666,34.149,-118.27863,-19.5,-6.67885,-3.94765,-251,0,-13.5149,-26,1232.1616,15,1074.5267,-0.0362,11,18,-4.7722,-15.9692,-9
"186","SMC00464","SMC00464_06042014_BMI_RWB_1","6/4/14",1.11154985,0.76085623,0.93620304,34.24152,-117.86683,-1,0,0,-2,NA,NA,NA,-5e-05,-22,-1.1,0,0,0,0,0,0
"187","SMC00476","SMC00476_06082009_BMI_RWB_1","6/8/09",1.26937981,1.01520689,1.14229335,34.24209,-118.13381,-1,-2e-04,0.8743,0,NA,NA,NA,0,-11,0,0,0,-27,0.8765,0.001,0
"188","SMC00479","SMC00479_07132011_BMI_RWB_1","7/13/11",0.60644694,0.39761767,0.50203231,34.2634,-119.24095,29,0.0022,0.0349,-32.5,-4,14.2539,-6,5.60745,-34.5,9.13345,0,-10,15,0,-0.08095,-6.5
"189","SMC00480","SMC00480_07022018_BMI_RWB_1","7/2/18",1.06256675,0.88517182,0.97386928,34.23434,-117.73155,0,-0.001,-5e-04,0,NA,NA,NA,-5e-05,0,0,0,0,0,0,0.0206,0
"190","SMC00520","SMC00520_06142017_BMI_RWB_1","6/14/17",0.8845536,0.67421387,0.77938373,34.29626,-118.28252,-5,-0.0301,-0.00145,-1,0,4.9767,-1,0.0059,-1,-0.17985,0,0,0,-0.0054,-0.1385,-1
"191","SMC00544","SMC00544_06222011_BMI_RWB_1","6/22/11",1.18438084,0.98677618,1.08557851,34.14677,-117.74153,-3,7e-04,-1.476,0,-9,-0.0676,0,-0.0013,0,0.0017,0,0,-1,0,0,-2
"192","SMC00608","SMC00608_06272018_BMI_RWB_1","6/27/18",0.50749558,0.39259579,0.45004569,34.12344,-117.90223,5,0.10235,0.6031,-52,0,74.4403,-1,50.19665,-20,20.8253,0,0,10.5,0.0135,-0.63955,-2.5
"193","SMC00632","SMC00632_06132011_BMI_RWB_1","6/13/11",0.56409891,0.41666899,0.49038395,34.14874,-118.55604,-33,-0.001,0.0248,-9.5,7.5,0.13555,-20.5,2.8586,-28,1.6927,0,14.5,20.5,0,-0.0106,-17
"194","SMC00684","SMC00684_06272011_BMI_RWB_1","6/27/11",0.44435759,0.42906154,0.43670957,34.09698,-118.02373,-20,-0.00045,-0.06845,-18.5,-5,35.622,-29,55.30645,-63,10.75105,0,43,63.5,-0.04405,-0.83675,-13.5
"195","SMC00710","SMC00710_05192009_BMI_RWB_1","5/19/09",0.78953594,0.5304247,0.65998032,32.88934,-117.20028,-41,0,-0.0094,9.5,1,104.6886,-7,110.8054,-38.5,139.70545,1e-04,69.5,114,0,-0.0335,-33
"196","SMC00748","SMC00748_06212011_BMI_RWB_1","6/21/11",0.23429339,0.31867358,0.27648349,34.07548,-118.0788,-60,0.0542,-0.583,-15.5,-8,81.2225,-26,118.7671,-39.5,22.24565,0,29,-5,-0.0023,0.4474,-11
"197","SMC00827","SMC00827_06152009_BMI_RWB_1","6/15/09",1.24870745,0.78695006,1.01782875,34.55734,-119.18833,0,-0.0122,-0.0594,0,0,4.9234,0,0.9964,0,0.9256,0,0,0,-0.0048,-0.0101,0
"198","SMC00873","SMC00873_04122017_BMI_RWB_1","4/12/17",0.73483131,0.38448802,0.55965967,33.59849,-117.62668,-16,-0.003,0.0859,-6,2,8.2445,-47,24.8173,-37,11.6772,0,35,70,0,-0.9326,-92
"199","SMC00899","SMC00899_07122011_BMI_RWB_1","7/12/11",0.3389655,0.29779591,0.3183807,33.71747,-117.7888,120.5,-0.22805,-0.21285,-96,NA,NA,NA,50.2443,-75,21.36375,2e-04,103,92,-0.1981,-0.2637,15
"200","SMC00911","SMC00911_06042009_BMI_RWB_1","6/4/09",1.2731145,0.72741732,1.00026591,34.50797,-119.29854,0,-0.002,-0.00445,0,0,0.5081,0,0.0474,0,-0.0025,0,0,0,0.0032,-0.0073,0
"201","SMC00924","SMC00924_05242017_BMI_RWB_1","5/24/17",0.90842002,0.9201868,0.91430341,34.22394,-118.18053,-8,0,0.01,-2,-3.5,0.30165,0,0,-17,0.3583,-0.0433,17,17,0.115,0.2,-4
"202","SMC00957","SMC00957_06212010_BMI_RWB_1","6/21/10",0.94796634,0.61961235,0.78378935,33.96195,-117.37075,54.5,-0.0679,-0.0085,27,-5,317.694,0,42.0008,0,68.8872,-0.0676,0,11,-0.0957,-0.1123,-11
"203","SMC00958","SMC00958_07192011_BMI_RWB_1","7/19/11",0.20542871,0.28885329,0.247141,33.82532,-117.99894,-31,0,0.0663,-24,NA,NA,NA,41.0196,-51.5,29.3392,0,38,60,0,-0.98655,-31.5
"204","SMC01040","SMC01040_06092009_BMI_RWB_1","6/9/09",1.30834475,1.07874941,1.19354708,34.30553,-118.15792,-1,-0.01195,-0.02505,0,-0.5,-0.21125,-1,-0.00745,-1,-0.1781,0,0,0,-0.0196,-0.0418,0
"205","SMC01046","SMC01046_05212009_BMI_RWB_1","5/21/09",0.78454047,0.50950066,0.64702057,32.79509,-117.18494,-33,-0.0621,0.4176,-5,-1,0.5915,-34,31.3286,-8.5,14.0147,0,8.5,18.5,2.3246,0.7845,-20
"206","SMC01096","SMC01096_06142016_BMI_RWB_1","6/14/16",0.84594559,0.67925694,0.76260127,34.28465,-118.29343,0,-0.0196,-0.01565,-1,0,5.7549,-1,0.0089,-1,-0.1818,0,0,0,-0.041,-0.0511,-1
"207","SMC01155","SMC01155_05122009_BMI_RWB_1","5/12/09",1.22660656,0.76985381,0.99823018,33.7606,-117.67949,-1,0.023,0.02245,-1,0,0.0094,-1,-0.09,-1,-0.07325,0,0,0,5e-05,-0.10295,-1
"208","SMC01161","SMC01161_05272010_BMI_RWB_1","5/27/10",1.27034609,0.71096849,0.99065729,33.44661,-117.25532,-1,-0.00445,-0.00585,-22,NA,NA,NA,5.4893,-13,4.7265,0,0,-1,-0.0048,-0.0076,-15
"209","SMC01172","SMC01172_06242009_BMI_RWB_1","6/24/09",0.86392761,0.7613027,0.81261515,34.0816,-118.85826,-26,0,0.02,-2,NA,NA,NA,0.0014,-62,0.2,-0.2874,0,-29,0.0949,0.2316,-2
"210","SMC01196","SMC01196_07142010_BMI_RWB_1","7/14/10",0.84910302,0.69643069,0.77276685,34.27835,-118.02952,-1,0,-0.053,0,NA,NA,NA,0.1952,0,-0.00895,0,0,-3,0,0.04775,3
"211","SMC01215","SMC01215_07132011_BMI_RWB_1","7/13/11",1.07981054,0.65482538,0.86731796,34.33968,-119.06784,-89,4.7486,7.7739,-4,1,622.1553,0,242.183,-4,252.8175,-0.0539,0,0,0.1774,-9.905,-1
"212","SMC01248","SMC01248_07262011_BMI_RWB_1","7/26/11",1.20295675,0.9416474,1.07230208,34.25895,-117.74499,0,-1e-04,-1e-04,0,NA,NA,NA,-0.00045,0,-9e-04,1e-04,0,0,-4e-04,0.2392,0
"213","SMC01257","SMC01257_06162011_BMI_RWB_1","6/16/11",0.8785796,0.48710971,0.68284466,33.60842,-117.61859,2,0.01075,0.09565,-19,-5,8.3976,-47,24.5935,-67,17.4484,0,41,59,0,-3.0157,-91
"214","SMC01260","SMC01260_07162012_BMI_RWB_1","7/16/12",0.59636896,0.42371882,0.51004389,34.06502,-117.97473,0,-3.4252,-4.4144,-114,0,-96.7421,-27,406.8871,-1.5,300.8328,-0.0123,5.5,16.5,-2.3415,-6.2696,-5
"215","SMC01320","SMC01320_06072010_BMI_RWB_1","6/7/10",0.7722652,0.43048171,0.60137346,34.29856,-118.25082,-2,-0.0193,-0.0272,-1,1,2.72,0,-0.017,-1,-0.06655,0,0,0,-0.0237,-0.0647,0
"216","SMC01341","SMC01341_06222009_BMI_RWB_1","6/22/09",0.33663512,0.36124504,0.34894008,33.94614,-117.5621,NA,NA,NA,83,NA,NA,NA,348.9303,NA,NA,NA,NA,NA,NA,NA,-2
"217","SMC01358","SMC01358_06212011_BMI_RWB_1","6/21/11",0.51395308,0.27796493,0.39595901,33.90965,-118.24673,-52,0,-0.0147,-27,NA,NA,NA,8.66975,-94,3.0818,0,44.5,82.5,0,0.01815,-37
"218","SMC01413","SMC01413_07092012_BMI_RWB_1","7/9/12",1.00263957,0.88071249,0.94167603,33.30552,-116.80627,0,0,0,0,NA,NA,NA,-5e-04,0,-0.00015,0,0,0,0,0,0
"219","SMC01424","SMC01424_07012009_BMI_RWB_1","7/1/09",0.80009541,0.90198083,0.85103812,34.24075,-117.81585,0,-0.0165,-0.0166,0,NA,NA,NA,-0.0101,0,-0.0163,0,0,0,-0.0128,-0.0132,0
"220","SMC01452","SMC01452_07152010_BMI_RWB_1","7/15/10",0.43924677,0.34387936,0.39156307,34.09095,-118.06675,NA,NA,NA,-35.5,NA,NA,NA,7.664,-62,1.31105,0,37.5,41,-0.0755,-0.1755,-10
"221","SMC01454","SMC01454_07162012_BMI_RWB_1","7/16/12",0.8650202,0.57989917,0.72245968,33.95504,-117.86127,-7.5,0.00785,-0.0355,-9.5,-9,9.4957,-28,20.9189,-56.5,9.3179,0,41,52.5,0,-0.0816,-10.5
"222","SMC01504","SMC01504_06282011_BMI_RWB_1","6/28/11",0.89372278,0.89703759,0.89538019,34.25327,-117.71385,0,0,0,0,NA,NA,NA,0,0,0,0,0,0,0,0,0
"223","SMC01544","SMC01544_06142016_BMI_RWB_1","6/14/16",1.0232998,0.66225542,0.84277761,34.29729,-118.24843,-2,-0.0113,-0.02795,-1,1,2.7485,0,-0.0174,-1,-0.0675,0,0,0,-0.0555,-0.0926,-1
"224","SMC01550","SMC01550_06252009_BMI_RWB_1","6/25/09",0.64799035,0.64148822,0.64473928,34.05626,-118.84901,-58,0,0.37,-2,NA,NA,NA,0.0189,-62,0.2397,-0.5329,-2,-5,-0.23,-0.7,-33
"225","SMC01567","SMC01567_06092010_BMI_RWB_1","6/9/10",0.92940467,0.38983584,0.65962025,34.50959,-119.38373,0,-6e-04,-0.0031,0,NA,NA,NA,-0.0077,0,-0.0087,0,0,0,0.0051,-3e-04,0
"226","SMC01606","SMC01606_05262009_BMI_RWB_1","5/26/09",0.89393933,0.51186241,0.70290087,32.84198,-117.23481,163.5,-0.0312,0.1185,-181,1,50.5076,-8,66.6044,-8.5,35.715,-0.00125,106,77.5,-0.98065,-0.6498,-27
"227","SMC01640","SMC01640_07082019_BMI_RWB_1","7/8/19",0.58790691,0.6285063,0.6082066,34.15335,-118.69679,NA,NA,NA,NA,NA,NA,NA,NA,NA,18.3589,NA,149,NA,NA,NA,NA
"228","SMC01656","SMC01656_06062012_BMI_RWB_1","6/6/12",0.8489048,0.53549199,0.69219839,34.15633,-118.53627,3.5,0.00685,0.07735,-20,-3.5,0.77545,-33,7.56645,-90,3.15865,0,-4,12,0,0.1253,-8.5
"229","SMC01662","SMC01662_07092012_BMI_RWB_1","7/9/12",0.70428368,0.4520958,0.57818974,33.9248,-117.95665,-33.5,0.0087,-0.02275,-29,-19,5.0829,-30,58.31025,-74.5,33.87425,0,35.5,59,0,-1.8511,-90
"230","SMC01692","SMC01692_06202011_BMI_RWB_1","6/20/11",0.98409086,0.62351203,0.80380144,34.19798,-118.16972,NA,NA,NA,0,NA,NA,NA,2.1799,0,1.67475,0,0,4,0,0,-4
"231","SMC01694","SMC01694_06282010_BMI_RWB_1","6/28/10",0.35812668,0.42016909,0.38914789,33.92,-117.90272,-19,0,-0.32,-66,NA,NA,NA,10.2336,-12,1.3856,0.0112,-3,20,0.18,-0.7,-44
"232","SMC01726","SMC01726_06302010_BMI_RWB_1","6/30/10",0.6683719,0.51140875,0.58989032,33.86351,-117.98816,-94,-1.4294,-2.3303,7.5,NA,NA,NA,284.4105,-0.5,278.841,-0.02765,19,28,-1.0943,-2.1862,-12
"233","SMC01748","SMC01748_05212014_BMI_RWB_1","5/21/14",0.74743873,0.63704813,0.69224343,34.28747,-118.82744,2,0.334,3.1986,-7.5,-1.5,80.2094,-38,116.253,-34.5,111.2897,0,19.5,34,0.02985,28.03775,-13
"234","SMC01772","SMC01772_07112012_BMI_RWB_1","7/11/12",0.67352333,0.51898804,0.59625569,34.11001,-118.1228,13,0.001,0.0044,-13,1,1.7096,-13,3.3737,-52,0.7262,0,34,42,0,0.1051,-52
"235","SMC01808","SMC01808_06132011_BMI_RWB_1","6/13/11",0.93471678,0.68979277,0.81225478,34.3094,-118.07316,0,0,0,0,NA,NA,NA,0,-1,0,0,0,0,0,0.00485,0
"236","SMC01860","SMC01860_05282009_BMI_RWB_1","5/28/09",0.64311282,0.50989025,0.57650154,34.224,-118.97911,155.5,-0.1709,-0.1634,-144,NA,NA,NA,168.88135,-51.5,243.7549,0,142,-54,-0.35285,1.64615,20
"237","SMC01912","SMC01912_07122012_BMI_RWB_1","7/12/12",0.39806072,0.39057908,0.3943199,34.23429,-118.60295,62,0,0.0073,-39,NA,NA,NA,3.8634,-91,-0.1192,-2e-04,53,43,0,-0.0719,15
"238","SMC01934","SMC01934_06152012_BMI_RWB_1","6/15/12",0.69113914,0.44541211,0.56827563,33.49,-117.66595,-13,1.3173,23.4349,-12,NA,NA,NA,137.2995,-50,-95.2535,0,43,81,20.7867,54.4585,-3
"239","SMC01960","SMC01960_05212014_BMI_RWB_1","5/21/14",0.63499858,0.53327317,0.58413588,34.26554,-118.75916,-86,0.0808,0.6388,-26,NA,NA,NA,45.9586,-44,15.265,0,30,-2,0,-2.7181,-19
"240","SMC01987","SMC01987_06152012_BMI_RWB_MCM_1","6/15/12",1.08178093,0.56113256,0.82145675,33.59028,-117.71185,-61.5,0.0045,-0.27325,15,1,2.4147,-28,65.7188,-13,8.989,0,35,115,0,0.1242,-41
"241","SMC01990","SMC01990_07082014_BMI_RWB_1","7/8/14",0.72895302,0.59788416,0.66341859,32.79653,-117.11327,73,-1.47785,-0.7068,18.5,0,25.3468,-8,46.7764,-5.5,36.03455,-0.0037,46,75,-0.3129,-0.3945,-28
"242","SMC02028","SMC02028_07122012_BMI_RWB_1","7/12/12",0.8052997,0.53114098,0.66822034,34.12868,-118.16553,-26,0.226,0.58855,-8,0,-0.538,-59,37.31185,-12.5,30.5507,0,14,26,-1.8504,-0.403,-22
"243","SMC02075","SMC02075_07172012_BMI_RWB_MCM_1","7/17/12",0.91405806,0.78069075,0.84737441,34.6719,-119.03758,0,-0.0021,-0.003,0,NA,NA,NA,-0.0228,0,-0.0424,0,0,0,0.004,-0.00305,0
"244","SMC02088","SMC02088_06182018_BMI_RWB_1","6/18/18",1.10049897,0.77230682,0.9364029,34.30226,-118.25959,10,0.0267,0.1996,-44,1,9.3945,3,0.5702,-12,4.7083,-0.0492,-15,-51,0,0.2,-3
"245","SMC02092","SMC02092_06182018_BMI_RWB_1","6/18/18",1.27891558,0.75326017,1.01608787,34.27948,-118.20684,0,0,0,0,NA,NA,NA,1.4871,0,0.9965,0,0,0,0,0,-1
"246","SMC02139","SMC02139_07172012_BMI_RWB_1","7/17/12",1.15967782,1.05087864,1.10527823,34.6714,-119.01717,0,-9e-04,-0.0013,0,NA,NA,NA,-0.012,0,-0.01795,0,0,0,0.00205,8e-04,0
"247","SMC02152","SMC02152_07142010_BMI_RWB_1","7/14/10",0.61926361,0.54884563,0.58405462,34.09801,-118.7217,-31,0,0.37,14,NA,NA,NA,78.0279,-81,48.9492,-0.4455,21,-16,0.3636,0.2004,-18
"248","SMC02206","SMC02206_07192011_BMI_RWB_1","7/19/11",0.56476926,0.45802702,0.51139814,33.87098,-117.85002,-20.5,0.0015,-0.06995,-9,-9,16.5902,-28,19.13635,-35.5,10.2717,0,34.5,52,-0.0215,-0.9965,-18.5
"249","SMC02228","SMC02228_06232009_BMI_RWB_1","6/23/09",0.8439972,0.51336926,0.67868323,34.06933,-118.22427,-8,-8.8015,-15.8327,30.5,0,-2294.0366,-9,1371.7177,-4,1039.9178,-0.0271,-1,-25,-7.836,-27.1606,-6
"250","SMC02270","SMC02270_06302010_BMI_RWB_1","6/30/10",0.82903051,0.44125561,0.63514306,33.79573,-117.77241,-5.5,0,0.0034,-16.5,NA,NA,NA,1.07175,-53.5,0.363,0.00025,40.5,31.5,0.01305,0.06645,15
"251","SMC02302","SMC02302_07152013_BMI_RWB_1","7/15/13",0.12843705,0.26301733,0.19572719,33.8153,-118.04128,-7,0.00325,0.50245,15,NA,NA,NA,61.8867,-43,62.6623,0,43,64,0,-0.6756,-60
"252","SMC02436","SMC02436_05282009_BMI_RWB_1","5/28/09",0.76269697,0.45728792,0.60999244,34.26279,-118.97199,194,-0.4578,-0.6757,-159,NA,NA,NA,273.6488,-85,164.5588,0,102,-42,5.9073,4.1647,16
"253","SMC02536","SMC02536_06292011_BMI_RWB_1","6/29/11",0.67000537,0.53014507,0.60007522,34.26861,-118.6736,-95,0,0.0951,-12,NA,NA,NA,6.5546,-65,2.0565,-0.0125,-1,-11,0.2,-0.7,-43
"254","SMC02568","SMC02568_08022018_BMI_RWB_1","8/2/18",1.235406,0.94169206,1.08854903,34.27866,-118.22031,-8,0.01,0,-2,NA,NA,NA,0,-0.5,0,-0.0298,0,0,0.01,1.4993,-8
"255","SMC02591","SMC02591_07212011_BMI_RWB_1","7/21/11",0.97568934,0.89486457,0.93527696,34.51783,-119.37846,0,-0.0107,-2e-04,0,NA,NA,NA,-0.0032,0,-0.0081,0,0,0,0,-1e-04,0
"256","SMC02712","SMC02712_06072012_BMI_RWB_1","6/7/12",1.25105429,0.72745528,0.98925479,34.36179,-118.30348,-1,0,0,-1,NA,NA,NA,0,-46,0,0,0,0,0,0,0
"257","SMC02884","SMC02884_05272014_BMI_RWB_1","5/27/14",0.74282499,0.54651641,0.6446707,34.21749,-118.98533,155.5,-0.1728,-0.1661,-144,NA,NA,NA,178.6943,-51.5,250.5294,0,142,-54.5,-0.36385,1.94935,20
"258","SMC02902","SMC02902_08022011_BMI_RWB_1","8/2/11",1.00892269,0.5428412,0.77588195,32.94907,-117.06443,157,0.16805,0.6155,-46.5,1,21.3541,-9,10.3656,-0.5,49.6245,-0.00265,90.5,12.5,-0.21145,-0.2927,-13
"259","SMC02972","SMC02972_07182012_BMI_RWB_1","7/18/12",1.19086766,0.94344805,1.06715785,34.24957,-118.0755,-7,0,0.01,2,NA,NA,NA,0,0,0,0.0047,0,-1,0,0,-4
"260","SMC02984","SMC02984_06232010_BMI_RWB_1","6/23/10",0.5736453,0.51334848,0.54349689,34.26528,-118.75053,-15,0,-0.34,-69,NA,NA,NA,57.5673,-81,19.6616,-0.1761,20,26,-0.23,0.2,-57
"261","SMC03011","SMC03011_06132013_BMI_RWB_1","6/13/13",0.78270125,0.50231064,0.64250594,33.6145,-117.6955,-18,0.0239,0.2596,-45,NA,NA,NA,32.9207,-70,-2.4778,0,47,87,0.4956,3.1315,-18
"262","SMC03216","SMC03216_07272011_BMI_RWB_1","7/27/11",0.98151736,0.95047688,0.96599712,34.28092,-117.84093,-1,-0.0084,-0.0086,0,NA,NA,NA,-0.0182,0,-0.007,0,0,0,-0.0076,0.0106,-1
"263","SMC03268","SMC03268_05272014_BMI_RWB_1","5/27/14",0.70731384,0.52491091,0.61611238,34.16255,-119.06301,177,-0.508,-0.2808,-127,NA,NA,NA,391.9003,-78.5,306.2032,-1e-04,148.5,-44,8.9933,13.4839,22
"264","SMC03280","SMC03280_08112011_BMI_RWB_1","8/11/11",0.8876003,0.95729659,0.92244845,34.25685,-117.85652,-3,-0.0134,-0.0129,0,-7,2.5245,0,-0.00145,-1,-0.0111,0,0,0,-0.0065,-0.0105,0
"265","SMC03304","SMC03304_06292011_BMI_RWB_1","6/29/11",0.67124048,0.5125945,0.59191749,34.28829,-118.72312,NA,NA,NA,NA,NA,NA,NA,NA,NA,5.1246,NA,147,NA,NA,NA,NA
"266","SMC03438","SMC03438_07022012_BMI_RWB_1","7/2/12",1.01601966,0.63432898,0.82517432,33.93708,-117.79252,-64,0,-0.32,-3,NA,NA,NA,1.1853,-46,-0.8205,-0.2639,-5,-4,0.46,-0.7,-15
"267","SMC03523","SMC03523_06112013_BMI_RWB_MCM_1","6/11/13",0.72603365,0.44433776,0.5851857,33.58478,-117.66437,-36,0.0183,0.0099,-5,-8,-2.4065,-63,38.1653,-48,9.9001,0,61,90,-0.0013,-3.8704,-92
"268","SMC03944","SMC03944_07122010_BMI_RWB_1","7/12/10",0.44491679,0.40584806,0.42538242,34.14271,-118.75016,-13,0,0.0377,-2,NA,NA,NA,1.771,-77,0.3988,-0.5735,-1,-5,0.2065,0.2,-4
"269","SMC03984","SMC03984_07022018_BMI_RWB_1","7/2/18",1.1624198,0.98248705,1.07245343,34.24613,-117.90186,0,-0.0167,-0.0132,0,0,0.0088,0,0.57645,0,0.7027,0,0,0,0,-0.0546,0
"270","SMC04000","SMC04000_07302012_BMI_RWB_1","7/30/12",1.31439109,0.75747037,1.03593073,34.23282,-117.74777,0,-0.00325,-0.0022,0,NA,NA,NA,0.1289,0,0.06075,0,0,0,0,4e-04,0
"271","SMC04008","SMC04008_06192012_BMI_RWB_1","6/19/12",1.11015265,0.65292474,0.8815387,34.28342,-118.80803,0,0.1073,0.9387,-44,0,101.5857,-61,99.1639,-49.5,61.4025,0,26,37,0,-2.6318,-90
"272","SMC04175","SMC04175_06112009_BMI_RWB_1","6/11/09",0.95088295,0.82403481,0.88745888,34.40835,-119.27642,-0.5,-0.08445,-0.11755,-32,NA,NA,NA,10.5554,-3,13.9781,0,0,0,-0.3933,-0.0629,-1
"273","SMC04204","SMC04204_07112012_BMI_RWB_1","7/11/12",1.20064581,0.7258856,0.96326571,34.20358,-118.01853,-31,-0.02,0,-9,NA,NA,NA,0.0071,-23,0.009,-0.0357,0,0,-0.509,0,-25
"274","SMC04239","SMC04239_06112009_BMI_RWB_1","6/11/09",1.05528319,0.68769548,0.87148934,34.3608,-119.31114,-8,0.1765,0.1843,-24,NA,NA,NA,32.4393,0,33.06125,0,0,0,-0.0805,-0.0292,-1
"275","SMC04264","SMC04264_07092010_BMI_RWB_1","7/9/10",0.56215127,0.52688053,0.5445159,34.13,-118.7548,0,0.0195,0.3189,-10.5,NA,NA,NA,30.36295,-53.5,16.00235,0,-3,41,0,-1.60335,-8.5
"276","SMC04294","SMC04294_07112013_BMI_RWB_1","7/11/13",1.05454853,0.65587449,0.85521151,32.93776,-117.14172,-15,-0.8035,-1.0988,-19,0,23.637,-9,34.6732,0.5,78.22975,0,47,48.5,-0.4916,-0.77455,-26.5
"277","SMC04308","SMC04308_06172009_BMI_RWB_1","6/17/09",1.01694941,0.56802958,0.79248949,34.19349,-118.9083,52,-0.0242,-0.0391,-183,NA,NA,NA,116.9324,10,83.3925,-0.05045,14,2,-0.19615,-1.1574,-20.5
"278","SMC04383","SMC04383_05192014_BMI_RWB_1","5/19/14",0.97379819,0.63052672,0.80216245,34.50224,-119.35602,0,-0.00055,-0.00075,0,NA,NA,NA,-0.00235,0,-0.0065,0,0,0,0.0064,0.00275,0
"279","SMC04426","SMC04426_07252011_BMI_RWB_1","7/25/11",0.76693639,0.90395482,0.83544561,33.00696,-116.66995,0,-0.00755,-0.0079,0,NA,NA,NA,-0.0065,0,-0.004,0,0,0,-0.004,0.0013,0
"280","SMC04682","SMC04682_07252011_BMI_RWB_1","7/25/11",1.20418944,1.1006195,1.15240447,32.97115,-116.64814,3,0.0054,0.0617,-1,NA,NA,NA,0.1787,-1,0.2889,0,0,0.5,0,-0.0435,-0.5
"281","SMC04749","SMC04749_06232009_BMI_RWB_1","6/23/09",0.63519592,0.59210016,0.61364804,33.85826,-117.21321,104.5,0.03125,0.06895,-188,-6,-18.7445,-12,34.9249,6,38.71795,-7e-04,-1,-10,-0.0219,-0.0025,-57
"282","SMC04750","SMC04750_07052011_BMI_RWB_1","7/5/11",1.18630752,0.82384953,1.00507852,34.041,-118.58149,-93,0,0.1424,-12,NA,NA,NA,1.8957,-13,7.1885,-0.4026,-3,-4,-0.1965,-0.5208,-16
"283","SMC04756","SMC04756_05212014_BMI_RWB_1","5/21/14",0.7679303,0.5397062,0.65381825,34.27092,-118.9269,192.5,-0.1909,-0.1096,-137.5,NA,NA,NA,219.6119,-75.5,89.903,-1e-04,-159,-45,0.8908,13.49505,21
"284","SMC04806","SMC04806_07112013_BMI_RWB_1","7/11/13",0.91814426,0.61667709,0.76741067,32.89036,-117.19358,-162,-0.002,-0.0579,18,-2,57.255,-27,112.3733,-22,36.8396,2e-04,62,123,-0.8251,0.2314,-35
"285","SMC04880","SMC04880_06062012_BMI_RWB_1","6/6/12",1.21707806,0.76631724,0.99169765,34.30884,-118.09829,-5,0,5e-04,-10,NA,NA,NA,-0.0749,-41,-1.1,0,0,0,0,0,0
"286","SMC05146","SMC05146_07102012_BMI_RWB_1","7/10/12",1.08835417,0.89567969,0.99201693,32.84526,-116.61346,1.5,0.0173,0.0393,-3,NA,NA,NA,0.3411,-3,-0.15755,0,0,0.5,5e-04,-0.38,-0.5
"287","SMC05199","SMC05199_07062011_BMI_RWB_1","7/6/11",1.13119564,0.88341945,1.00730755,34.40412,-119.28071,-144,-0.09025,-0.18045,-1,NA,NA,NA,12.1592,0,21.00135,0,0,0,-0.082,-0.086,0
"288","SMC05230","SMC05230_07022012_BMI_RWB_1","7/2/12",0.84818492,0.52537195,0.68677844,33.87308,-117.75077,132,-3.1855,-1.8355,-73.5,NA,NA,NA,2701.5905,12.5,2749.4026,3e-04,130.5,13,-17.5213,234.35235,-83
"289","SMC05296","SMC05296_06262012_BMI_RWB_1","6/26/12",1.09967795,0.90666885,1.0031734,34.55457,-118.77525,0,0.2446,-0.01,0,0,11.249,-61,3.50905,0,-0.5946,0,0,0,0.0285,-0.67565,0
"290","SMC05402","SMC05402_07282011_BMI_RWB_1","7/28/11",0.99684621,0.86239896,0.92962258,32.80468,-116.57311,0,-0.0972,-0.0246,-4,-1,15.4036,-2,1.5432,-3,1.2875,0,-1,-6,-0.1169,-0.0935,-3
"291","SMC05702","SMC05702_06072010_BMI_RWB_1","6/7/10",0.60786481,0.44466963,0.52626722,32.83209,-117.22954,158.5,0.0677,0.49465,-186,1,67.0398,-8,106.9374,37.5,99.1572,0.02645,66.5,23.5,-1.8569,-1.60625,-45
"292","SMC05759","SMC05759_05292014_BMI_RWB_1","5/29/14",1.00028268,0.67622219,0.83825244,34.35232,-119.03474,-131,-0.40755,-0.5047,-2,NA,NA,NA,121.1835,-12,123.21985,0,0,0,-0.5453,1.6207,-11
"293","SMC05902","SMC05902_06282011_BMI_RWB_1","6/28/11",0.66097717,0.43031389,0.54564553,34.03432,-118.51218,8.5,0.0634,0.33225,-8,-4.5,11.5052,-14.5,3.942,-27,2.1081,0,36,46,0,0.43,-67
"294","SMC05956","SMC05956_06192012_BMI_RWB_1","6/19/12",0.75931819,0.62717829,0.69324824,34.22875,-118.97109,157.5,-0.1442,-0.14075,-144,NA,NA,NA,163.6358,-53,236.2118,0,142,-57.5,-0.30205,2.52815,11.5
"295","SMC06079","SMC06079_06262013_BMI_RWB_1","6/26/13",1.03220929,0.78080294,0.90650611,34.41108,-119.08213,0,-0.0079,-0.0137,0,-13,1.6918,0,0.61655,0,0.6292,0,0,0,0.00195,-0.02765,0
"296","SMC06216","SMC06216_06032014_BMI_RWB_1","6/3/14",1.01195761,0.75381748,0.88288755,34.27407,-118.31518,-2,-0.0717,-0.0655,-1,0,23.364,-1,-0.0408,-1,1.10015,5e-05,-1,-1,-0.07145,-0.5336,-1
"297","SMC06298","SMC06298_07172012_BMI_RWB_1","7/17/12",1.09576459,0.93637956,1.01607207,32.91213,-116.57126,0,-0.008,-0.014,0,NA,NA,NA,-0.0924,0.5,0.10155,0.00035,-0.5,-0.5,1e-04,0.36775,0
"298","SMC06302","SMC06302_06282012_BMI_RWB_1","6/28/12",0.71737683,0.45126926,0.58432304,33.86699,-117.85366,-28.5,0.0313,0.1174,-17.5,2,166.5097,-61,123.0032,-60.5,100.26785,0,37.5,66.5,0,-7.5182,-24.5
"299","SMC06356","SMC06356_06102013_BMI_RWB_1","6/10/13",1.01777753,0.65427375,0.83602564,34.20156,-118.91158,49,-0.0217,-0.0933,-150,NA,NA,NA,116.36795,9.5,85.23775,-0.05025,14,31.5,-0.2008,-1.17855,-20.5
"300","SMC06467","SMC06467_06282010_BMI_RWB_1","6/28/10",0.89201126,0.80809113,0.8500512,33.79118,-117.71782,0,-0.00035,-0.00055,0,NA,NA,NA,0.01385,0,0.0289,0,0,0,0.0034,-0.00035,0
"301","SMC06740","SMC06740_06102013_BMI_RWB_1","6/10/13",0.63452129,0.48732614,0.56092371,34.1807,-118.87436,-0.5,0.00995,-2.35385,-10,10,-0.8715,-27,32.91265,-49.5,11.0326,0,42.5,56.5,0,-0.1622,-14
"302","SMC06794","SMC06794_07182012_BMI_RWB_1","7/18/12",0.89715477,1.01150568,0.95433022,32.83039,-116.64687,-3.5,0.02575,0.0109,-0.5,NA,NA,NA,-0.01525,-0.5,-0.15865,1e-04,0,2,7e-04,-0.7938,-2
"303","SMC06863","SMC06863_07212011_BMI_RWB_1","7/21/11",1.16297591,0.87280097,1.01788844,34.49417,-119.30534,0,-0.00435,-0.0075,0,0,0.64215,0,0.08545,0,0.0081,0,0,0,-0.00025,-0.0087,0
"304","SMC06918","SMC06918_07162012_BMI_RWB_1","7/16/12",0.78255939,0.46101567,0.62178753,32.78184,-117.184,-93.5,-0.08085,-0.1243,35,NA,NA,NA,64.0825,-7,61.08615,-0.0286,41.5,68,-0.0293,-0.035,-31
"305","SMC06926","SMC06926_07012009_BMI_RWB_1","7/1/09",0.89956908,0.58483,0.74219954,34.04799,-118.51137,-0.5,0,0,0,NA,NA,NA,2.34605,0.5,4.6773,-5e-05,0,0.5,0,0,-2
"306","SMC07126","SMC07126_07122012_BMI_RWB_1","7/12/12",0.51117244,0.32405288,0.41761266,32.84359,-117.03457,-45,0,0.71,8.5,NA,NA,NA,150.565,-24,70.5662,-0.174,35,55.5,-0.23,-0.345,-71
"307","SMC08094","SMC08094_06282012_BMI_RWB_1","6/28/12",0.60391094,0.3812226,0.49256677,33.81951,-117.8536,-55.5,-0.1405,-0.2484,28,NA,NA,NA,28.4295,-4.5,20.9455,-0.01595,-2,1,-0.1063,-0.1095,-77
"308","SMC08150","SMC08150_07082014_BMI_RWB_1","7/8/14",0.91333628,0.58867072,0.7510035,32.83731,-117.01975,102,-1.01755,-122.3989,-181,1,-732.4539,-7,307.8542,-2,221.46075,-0.0082,90.5,20.5,-0.6495,0.2425,-20.5
"309","SMC08655","SMC08655_06212012_BMI_RWB_1","6/21/12",1.19972201,1.00765144,1.10368672,34.50823,-119.28406,0,-0.0062,-0.0068,0,0,0.3476,0,0.18255,0,-0.04475,0,0,0,7e-04,-0.01045,0
"310","SMC08766","SMC08766_07102018_BMI_RWB_MCM_1","7/10/18",0.38473677,0.24770822,0.3162225,33.90192,-118.10859,-63,-6.7046,-10.2871,-190,NA,NA,NA,1296.3388,-86,855.78085,-0.00585,0,53,-3.0071,-6.8273,-22
"311","SMC08845","SMC08845_05302014_BMI_RWB_1","5/30/14",0.2568856,0.55805589,0.40747074,33.87309,-117.21355,-9,0,0.009,-5,NA,NA,NA,0,-20,0.0721,-0.0807,-1,-7,0.009,0.398,-11
"312","SMC09118","SMC09118_05222013_BMI_RWB_MCM_1","5/22/13",0.38244883,0.39093934,0.38669408,33.80876,-117.86259,-55,-0.2159,-0.36195,28,NA,NA,NA,43.3867,-4,32.383,-0.0263,26,12,-0.1542,-0.092,-16
"313","SMC09286","SMC09286_06092010_BMI_RWB_1","6/9/10",0.62590045,0.54050347,0.58320196,32.78194,-117.11419,-77,-1.64515,-4.55615,-222,NA,NA,NA,432.81425,-3,244.5816,-0.0275,76,63,-0.545,-0.6792,-27.5
"314","SMC09325","SMC09325_06212012_BMI_RWB_1","6/21/12",0.99311819,0.5500631,0.77159064,33.56252,-117.12886,-6,0,0,1,NA,NA,NA,9.8779,1,2.678,0,73,5,0,0,-5
"315","SMC09503","SMC09503_06042012_BMI_RWB_1","6/4/12",1.17402996,0.70730241,0.94066618,34.49757,-119.33913,0,-0.00095,-0.0014,0,NA,NA,NA,-0.00085,0,-0.0085,0,0,0,0.00855,0.00865,0
"316","SMC09534","SMC09534_07102018_BMI_RWB_MCM_1","7/10/18",0.48636422,0.36012937,0.4232468,33.83832,-118.09487,72.5,-0.58125,-6.36695,48,NA,NA,NA,1735.32845,76,822.0335,-0.05565,106.5,63,-2.48805,-2.4061,-10
"317","SMC10685","SMC10685_07012010_BMI_RWB_MCM_1","7/1/10",1.05510669,0.58532046,0.82021357,34.01879,-117.36873,-43,0,2.5744,39,NA,NA,NA,518.5117,-27,633.9959,-0.1776,-17.5,6.5,-0.2641,5.37195,-20
"318","SMC11343","SMC11343_06042012_BMI_RWB_1","6/4/12",0.97940779,0.73188399,0.85564589,34.3728,-119.30859,-0.5,0.5532,0.6416,-4,-5,89.2908,0,11.66355,-3,26.1395,-0.0763,0,0,0.031,0.6879,-1
"319","SMC11384","SMC11384_06282011_BMI_RWB_1","6/28/11",1.25414379,1.09045967,1.17230173,34.09552,-118.66521,-54,0,0.2746,-53,NA,NA,NA,0.2118,-57,-1.1226,-0.7424,-1,21,-0.2249,-0.6958,-31
"320","SMC11727","SMC11727_06092010_BMI_RWB_1","6/9/10",1.23885108,0.69854011,0.9686956,34.47857,-119.29339,0,-0.0122,-0.0151,0,0.5,1.4848,0,-0.0497,0,0.2032,0,0,0,0.0079,-0.0193,0
"321","SMC12814","SMC12814_07222011_BMI_RWB_1","7/22/11",0.85939374,0.84116913,0.85028143,34.04892,-118.84641,-55,0,0.3418,-53,NA,NA,NA,0.0458,-56,0.2293,-0.6963,0,-5,-0.23,-0.7,-33
"322","SMC12862","SMC12862_06272011_BMI_RWB_1","6/27/11",0.38473878,0.38067881,0.3827088,33.92148,-118.11149,-72.5,-4.8278,-9.5439,39.5,NA,NA,NA,684.9892,22,599.9777,-0.0222,0,39,-3.2879,-1.9115,-26
"323","SMC13062","SMC13062_07232013_BMI_RWB_1","7/23/13",0.6730461,0.42617241,0.54960926,32.7755,-117.19557,-90,-0.1173,-0.1346,34,NA,NA,NA,71.3533,-1,71.8344,-0.0465,47,68,-0.029,-0.002,-21
"324","SMC13214","SMC13214_05222013_BMI_RWB_MCM_1","5/22/13",0.50994226,0.39927356,0.45460791,33.80453,-117.87242,-73,0.3805,256.6344,43,NA,NA,NA,1637.1189,43,1756.964,0.0394,-1,4,0.4743,294.2134,-5
"325","SMC13599","SMC13599_06042012_BMI_RWB_1","6/4/12",1.11527261,0.81400728,0.96463994,34.49889,-119.34172,0,-0.00065,-0.0016,0,NA,NA,NA,-0.00055,0,-0.0081,0,0,0,0.00785,0.0029,0
"326","SMC13630","SMC13630_06212012_BMI_RWB_1","6/21/12",0.77016709,0.47040609,0.62028659,33.86119,-118.10351,130,0.0852,0.4961,-155,NA,NA,NA,1280.8167,-11,408.76105,-0.0478,105,69.5,-1.12115,-11.2051,-15.5
"327","SMC14099","SMC14099_06132013_BMI_RWB_1","6/13/13",0.77772298,0.35978577,0.56875438,33.62772,-117.73558,-14,0.0049,0.0858,-27.5,NA,NA,NA,32.59765,-67.5,8.13425,0,53,74,0,-1.0674,-18
"328","SMC15678","SMC15678_06252013_BMI_RWB_1","6/25/13",0.24551089,0.20101656,0.22326372,33.80989,-118.09075,177,0.3737,0.4608,-274,NA,NA,NA,1736.2914,87,502.52545,-0.0605,138.5,82,-0.4361,-0.0196,-11
"329","SMC16446","SMC16446_06212012_BMI_RWB_1","6/21/12",0.97485814,0.72786163,0.85135989,34.41319,-119.27282,-3,-0.0393,-0.03985,-27,NA,NA,NA,14.788,-10,13.29065,0,0,0,-0.0187,0.0295,-0.5
"330","SMC16832","SMC16832_07102018_BMI_RWB_MCM_1","7/10/18",0.38458256,0.22569987,0.30514122,33.88444,-118.10855,-11,-2.26015,-3.51475,-3,NA,NA,NA,1289.976,26,1005.8529,-0.0414,48,51,-1.8246,-6.5027,-20
"331","SMC16980","SMC16980_07062011_BMI_RWB_1","7/6/11",1.14441275,0.93237563,1.03839419,34.43268,-119.24974,10,0.00795,0.05405,-1.5,NA,NA,NA,10.2146,-2,19.5022,0,0,1,-0.0242,0.0141,-1
"332","SMC18545","SMC18545_06252013_BMI_RWB_1","6/25/13",1.09317744,0.57993177,0.8365546,34.48452,-119.30834,0,-0.00335,-0.0049,0,0,0.0686,0,-0.03235,0,0.0213,0,0,0,-0.0011,0.0022,0
"333","SMC19809","SMC19809_06252013_BMI_RWB_1","6/25/13",1.29529466,0.71806876,1.00668171,34.50141,-119.3531,0,-0.00055,-0.00085,0,NA,NA,NA,-0.0026,0,-0.0068,0,0,0,0.0069,0.00705,0
"334","SMC19945","SMC19945_06252013_BMI_RWB_1","6/25/13",1.10091815,0.93162723,1.01627269,34.50486,-119.28186,0,-0.0051,-0.0154,0,0,0.458,0,0.1751,0,-0.0335,0,0,0,-0.0011,-0.0087,0
"335","SMC20032","SMC20032_06182010_BMI_RWB_1","6/18/10",0.25638837,0.32171354,0.28905096,33.87664,-118.10774,14,-1.45345,-1.84625,-53,NA,NA,NA,1414.2943,-52,870.59695,-0.0436,53.5,51,-1.1628,-7.9217,-3
"336","SMC20994","SMC20994_06172013_BMI_RWB_1","6/17/13",0.78684234,0.43018938,0.60851586,34.03639,-118.51129,-33,0,0.1259,-12,NA,NA,NA,4.1058,-81,1.4904,-0.02185,9,38,-0.23,-2.0022,-22
"337","SMC21796","SMC21796_06142013_BMI_RWB_1","6/14/13",0.61506606,0.46288418,0.53897512,33.99108,-118.40916,-42,0.5258,1.5423,-18,-31,683.5935,-25,1068.70875,-70,828.9968,0,44,79.5,-2.9805,-34.07005,-28.5
"338","SMC21822","SMC21822_06212010_BMI_RWB_1","6/21/10",1.00726819,0.60693452,0.80710135,33.87234,-117.70876,-4,0.1316,240.6021,69,7,1740.9871,-12,1478.62325,75.5,1838.2307,0.03145,-13,6,0.0718,110.05595,-49
"339","SMC24222","SMC24222_06212010_BMI_RWB_1","6/21/10",0.89251612,0.57056767,0.7315419,33.87151,-117.71724,-4,0.1446,260.5718,55.5,NA,NA,NA,1176.41305,55.5,1361.1934,0.0336,0,22,6.23085,211.4014,-6
"340","SMC29064","SMC29064_06252012_BMI_RWB_1","6/25/12",0.86727105,0.91711734,0.89219419,33.79564,-116.7426,-1,0,0,-4,NA,NA,NA,-0.0089,-4,0,0,0,0,0,0,0
"341","SMC32897","SMC32897_05152014_BMI_RWB_1","5/15/14",0.38870889,0.40627221,0.39749055,33.86921,-117.21318,NA,NA,NA,15,NA,NA,NA,NA,NA,NA,NA,NA,NA,NA,NA,NA
"342","SMC34888","SMC34888_06242010_BMI_RWB_1","6/24/10",1.10641874,0.69659429,0.90150652,33.77386,-117.68432,0,0.0225,0.0236,-2,0,-12.7322,-20,-0.1115,-1,0.28035,0,-1,-0.5,0,0.3664,0
"343","SMC35837","SMC35837_06252012_BMI_RWB_1","6/25/12",0.49493697,0.77382652,0.63438174,33.7364,-116.8261,1,-0.0193,-0.0137,0,NA,NA,NA,1.2948,0,2.3273,0,0,0,-0.0254,-0.0172,-1
"344","SMC40887","SMC40887_06122013_BMI_RWB_1","6/12/13",1.25124773,0.87814381,1.06469577,33.76317,-117.46378,0,-0.2206,0.6163,-275,NA,NA,NA,481.849,-25,217.18665,4e-04,-1,11.5,-3.2352,-4.7627,-34
"345","SMCR8_007","SMCR8_007_06222006_BMI_RWB_1","6/22/06",0.42581508,0.741828,0.58382154,34.0952,-116.96447,0,-0.0022,-0.006,0,NA,NA,NA,-0.0117,0,-0.0118,0,0,0,-0.0064,-0.0197,0
"346","SMCR8_011","SMCR8_011_06152006_BMI_RWB_1","6/15/06",0.64005872,0.67317922,0.65661897,33.850751,-117.7835252,-46,-0.0572,-0.0934,65,6.5,18.13045,-13,3.64775,67,4.3481,-0.0274,0,11,-0.0282,-0.0141,-9.5
"347","SMCR8_012","SMCR8_012_05312006_BMI_RWB_1","5/31/06",0.35944321,0.83424838,0.5968458,33.91909,-117.82201,-6,0,0.1116,-13,NA,NA,NA,1.8463,-70,0.7724,-0.5768,7,-18,-0.1258,0.2,-33
"348","SMCR8_019","SMCR8_019_06152006_BMI_RWB_1","6/15/06",0.67321659,0.61540873,0.64431266,33.92417,-117.59778,-16,0.06,0,-10,-4,0.1693,0,0.1,-8,-1.8723,-0.3045,0,-12,0.4,0.6208,1
"349","SMCR8_020","SMCR8_020_06162006_BMI_RWB_1","6/16/06",0.72423025,0.96380467,0.84401746,33.76698,-116.6902,0,0,0,0,NA,NA,NA,7e-04,0,2e-04,0,0,0,0,0,0
"350","SMCR8_025","SMCR8_025_06162007_BMI_RWB_1","6/16/07",0.78267257,1.09885362,0.9407631,34.1739,-116.9839,-2,0,0,-2,NA,NA,NA,0,-3,0,0,0,0,0,-0.0019,0
"351","SMCR8_028","SMCR8_028_06042006_BMI_RWB_1","6/4/06",0.43860735,0.59035425,0.5144808,34.2026,-117.44583,2,0.1,0.1,12,NA,NA,NA,0,12,0,-0.02,0,-2,0,0,2
"352","SMCR8_034","SMCR8_034_06222006_BMI_RWB_1","6/22/06",0.39320791,0.90972375,0.65146583,34.08909,-116.92669,0,0,0,0,NA,NA,NA,0.00525,0,0.2761,0,0,0,0,0,0
"353","SMCR8_035","SMCR8_035_06222006_BMI_RWB_1","6/22/06",1.00385632,1.02261307,1.0132347,34.08193,-116.89027,3,0,0,-12,NA,NA,NA,0,-12,0,0,0,0,0,0,0
"354","SMCR8_042","SMCR8_042_05312006_BMI_RWB_1","5/31/06",0.22448387,0.39479215,0.30963801,33.94623,-117.61423,175,-0.7524,-0.63255,-96.5,NA,NA,NA,175.4,-100,85.1474,-1e-04,116,-15,-1.19985,-1.2774,-118
"355","SMCR8_046","SMCR8_046_06052008_BMI_RWB_1","6/5/08",0.67015301,0.57858071,0.62436686,33.79096,-117.71949,0,-4e-04,-0.00055,0,NA,NA,NA,0.01195,0,0.028,0,0,0,0.0035,-4e-04,0
"356","SMCR8_048","SMCR8_048_05112008_BMI_RWB_1","5/11/08",0.3389655,0.34032794,0.33964672,33.71756,-117.78945,121,-0.2172,-0.20155,-104,NA,NA,NA,48.56445,-109,20.6858,-0.001,103,81,-0.1838,-0.22,11.5
"357","SMCR8_057","SMCR8_057_05182008_BMI_RWB_1","5/18/08",1.07986857,0.89963491,0.98975174,34.25033,-117.54376,0,0,0,0,NA,NA,NA,0,0,0,0,0,0,0,0,0
"358","SMCR8_062","SMCR8_062_06232006_BMI_RWB_1","6/23/06",0.72949256,0.87322433,0.80135845,34.21257,-117.45844,2,0.1,0.1,12,NA,NA,NA,0,12,0,-0.02,0,-2,0,0,2
"359","SMCR8_069","SMCR8_069_06012007_BMI_RWB_1","6/1/07",1.15020346,1.09384452,1.12202399,34.2481,-117.51276,0,0,0,0,NA,NA,NA,0,0,0,0,0,0,0,0,0
"360","SMCR8_070","SMCR8_070_06172006_BMI_RWB_1","6/17/06",0.65141167,0.81429965,0.73285566,33.77122,-116.7675,0,-7e-04,-0.0011,-1,0.5,0.0913,0,-0.00325,-1,-0.0028,0,0,-1,-0.00135,-0.0033,0
"361","SMCR8_074","SMCR8_074_06252008_BMI_RWB_1","6/25/08",0.70887591,0.77387405,0.74137498,34.08167,-116.8887,-1,0,0,-41,NA,NA,NA,0,-46,0,0,0,0,0,0,0
"362","SMCR8_080","SMCR8_080_06242008_BMI_RWB_1","6/24/08",1.05598357,1.00002614,1.02800485,34.1584,-116.88742,-15,0,0,-7,NA,NA,NA,0,-8,0,0,1,0,0,0,0
"363","SMCR8_105","SMCR8_105_06022007_BMI_RWB_1","6/2/07",0.96436591,0.82433817,0.89435204,34.25265,-117.4925,0,0,0.042,0,NA,NA,NA,-0.24355,0.5,4.5206,1e-04,-0.5,-0.5,0.12355,0.26365,0
"364","SMCR8_106","SMCR8_106_06162007_BMI_RWB_1","6/16/07",0.88469092,1.05368089,0.9691859,34.15508,-116.88528,-2,0,0,-7,NA,NA,NA,0,-8,0,0,1,0,0,0,0
"365","SMCR8_147","SMCR8_147_05192007_BMI_RWB_1","5/19/07",0.51029346,1.01070282,0.76049814,33.79427,-116.74714,0,0,0,-1,NA,NA,NA,0,-5,0,-5e-04,0,0,0,0,0
"366","SMCR8_151","SMCR8_151_06102007_BMI_RWB_1","6/10/07",0.65036397,0.62324929,0.63680663,33.98873,-117.39614,-42,0,2.98,-69,NA,NA,NA,653.5111,36,756.3764,-0.1416,-10,6.5,-1.4,5.711,-23
"367","SMCR8_155","SMCR8_155_06302008_BMI_RWB_1","6/30/08",1.01572178,0.85959193,0.93765686,33.80703,-116.77699,-1,0,0,-6,NA,NA,NA,0,-7,0,-0.0024,0,0,0,0,0
"368","SMCR8_160","SMCR8_160_06072006_BMI_RWB_1","6/7/06",0.71113,0.64189562,0.67651281,33.73134,-116.8102,-1,-0.0382,-0.003,0,8,11.3669,-0.5,-0.089,0,-0.0562,0,0,0,-0.05515,-0.05015,-1
"369","SMCR8_163","SMCR8_163_05192007_BMI_RWB_1","5/19/07",0.51023943,1.05868934,0.78446438,33.79478,-116.74829,0,0,0,0,NA,NA,NA,0,-2,0,0,0,0,0,0,0
"370","SMCR8_172","SMCR8_172_06162006_BMI_RWB_1","6/16/06",0,0.9616216,0.4808108,33.78651,-116.8323,-1,0,0,-4,NA,NA,NA,0,-8,0,0,0,0,0,0,0
"371","SMCR8_203","SMCR8_203_05292007_BMI_RWB_1","5/29/07",0.76318594,1.13844989,0.95081791,34.18658,-116.91801,-6,0,0,-2,NA,NA,NA,0,-3,0,-0.0856,0,-1,0,0,0
"372","SMCR8_218","SMCR8_218_06232009_BMI_RWB_1","6/23/09",0.43721671,0.77677169,0.6069942,33.80978,-116.7403,-2,-7e-04,-0.0068,0,-3.5,0.19095,0,-0.0153,0,-0.0057,0,0,0,-0.0013,-0.0026,-1
"373","SMCR8_219","SMCR8_219_07062009_BMI_RWB_1","7/6/09",0.67421868,1.21943978,0.94682923,34.11105,-116.99195,-1,0,0,0,NA,NA,NA,0,-1,0,-5e-04,0,0,0,0,0
"374","SMCR8_267","SMCR8_267_06272006_BMI_RWB_1","6/27/06",0.45002717,0.65959483,0.554811,33.67606,-116.67871,-1,-0.0035,-0.00135,0,0,-0.1656,0,-0.0056,0,-0.0288,0,0,0,-0.0039,-0.0058,0
"375","SMCR8_270","SMCR8_270_06302008_BMI_RWB_1","6/30/08",1.00541247,0.40702682,0.70621965,33.72944,-116.74809,2,0.1,0.1,11,NA,NA,NA,0,11.5,0,-0.02,0,-1.5,0,0,2
"376","SMCR8_272","SMCR8_272_06252008_BMI_RWB_1","6/25/08",0.69998073,0.75398841,0.72698457,34.08788,-116.91434,-2,0,0,0,NA,NA,NA,0,-1,0,0,0,0,0,0,0
"377","SMCR8_346","SMCR8_346_06022007_BMI_RWB_1","6/2/07",0.62551223,0.92608869,0.77580046,34.23613,-117.49604,-1,0.0063,-0.02105,0,NA,NA,NA,0.0041,0,-0.1346,0,0,0,0.0017,-1.14,-2
"378","SMCR8_351","SMCR8_351_06192008_BMI_RWB_1","6/19/08",0.33636642,0.62795729,0.48216186,33.97295,-117.51806,NA,NA,NA,83,NA,NA,NA,456.93065,NA,NA,NA,NA,NA,NA,NA,-3
"379","SMCR8_361","SMCR8_361_06102007_BMI_RWB_1","6/10/07",0.11204197,0.68341493,0.39772845,33.96825,-117.44789,NA,NA,NA,94,NA,NA,NA,-156.84145,NA,NA,NA,NA,NA,NA,NA,-16
"380","SMCR8_362","SMCR8_362_07172008_BMI_RWB_1","7/17/08",0.78042237,0.97282498,0.87662367,34.23904,-117.49896,0.5,-0.0027,0.0242,0,NA,NA,NA,0.2478,0,-0.2721,0,0,-1,0.0012,-0.0958,-1
"381","SMCR8_370","SMCR8_370_06172007_BMI_RWB_1","6/17/07",0.59386859,0.68864487,0.64125673,34.10015,-117.02393,-1,-0.005,-0.0028,-1,NA,NA,NA,-0.0075,-1,-0.0065,0,-1,-0.5,-0.0024,0.0365,0
"382","SMCR8_375","SMCR8_375_04192007_BMI_RWB_1","4/19/07",0.69602838,1.23246036,0.96424437,33.75657,-116.70164,-1,0,0,0,NA,NA,NA,0,-1,0,0,0,0,0,0,0
"383","SMCR8_419","SMCR8_419_04192007_BMI_RWB_1","4/19/07",0.56445899,1.02049186,0.79247542,33.74266,-116.71364,0,-0.0029,-0.0039,0,NA,NA,NA,0.1012,0,-0.0536,0,-1,-1,-0.0019,-0.0388,-1
"384","SMCR8_446","SMCR8_446_06092007_BMI_RWB_1","6/9/07",0.76467646,1.24893691,1.00680669,34.18543,-117.18567,-7,-0.0044,-0.0019,-2,NA,NA,NA,0.0437,-1,0.077,0,-1,-2,-0.0438,0.0068,-3
"385","SMCR8_453","SMCR8_453_04202007_BMI_RWB_1","4/20/07",0.57176397,0.48118297,0.52647347,33.73882,-116.82834,0,-0.0274,-0.0228,0,NA,NA,NA,1.08015,0,1.7698,0,0,0,-0.0242,-0.0256,0
"386","SMCR8_474","SMCR8_474_07052009_BMI_RWB_1","7/5/09",0.78298411,0.89565755,0.83932083,34.24826,-117.62775,-1,0,0,-7,NA,NA,NA,0,-8,0,0,1,0,0,0,0
"387","SMCR8_480","SMCR8_480_07082008_BMI_RWB_1","7/8/08",0.12914001,0.24667028,0.18790515,33.80402,-118.08385,15.5,0.3747,9.07735,37,NA,NA,NA,900.696,-57,504.5441,0,48,55,1e-04,5.9368,-47
"388","SMCR8_496","SMCR8_496_07012008_BMI_RWB_1","7/1/08",1.13613223,0.465791,0.80096161,33.68738,-116.68416,-2,0,0,0,NA,NA,NA,0,-1,0,0,0,0,0,0,0
"389","SMCR8_513","SMCR8_513_06222009_BMI_RWB_1","6/22/09",1.10162101,0.78805911,0.94484006,33.71777,-116.76274,NA,NA,NA,-0.5,NA,NA,NA,0.16985,-0.5,0.28775,1e-04,0,8.5,0.22535,-0.8676,-8.5
"390","SMCR8_528","SMCR8_528_05252008_BMI_RWB_1","5/25/08",0.51000921,0.62490668,0.56745794,33.87273,-117.71305,-4,0.1362,247.0727,70,NA,NA,NA,1310.89315,70,1109.5635,0.03195,-1,4.5,0.07185,266.7421,-6
"391","SMCR8_530","SMCR8_530_05292007_BMI_RWB_1","5/29/07",0.5622131,0.9526149,0.757414,34.17834,-116.90881,2,0.1,0.1,12,NA,NA,NA,0,12,0,-0.02,0,-2,0,0,2
"392","SMCR8_543","SMCR8_543_05192007_BMI_RWB_1","5/19/07",0.47978956,0.88012565,0.6799576,33.80281,-116.73208,-12,0,0,-38,NA,NA,NA,0,-38,0,-4e-04,0,0,0,0,0
"393","SMCR8_587","SMCR8_587_05182007_BMI_RWB_1","5/18/07",0.58024666,0.86558511,0.72291588,33.72206,-116.80423,0,0.02835,-0.0205,0,NA,NA,NA,3.8451,0,2.90175,0,0,0,0.0141,0.0704,0
"394","SMCR8_605","SMCR8_605_07012009_BMI_RWB_1","7/1/09",0.56482775,0.50553423,0.53518099,33.73776,-116.72825,-2,-0.00905,-0.0191,-1,NA,NA,NA,-0.0251,0,-0.1423,0,0,-5,-0.0029,0.0325,-2
"395","SMCR8_635","SMCR8_635_05202007_BMI_RWB_1","5/20/07",0.1529985,0.76483984,0.45891917,33.80349,-116.78271,-2,0,0,-2,NA,NA,NA,0,-6,0,-0.0562,0,0,0,0,0
"396","SMCR8_688","SMCR8_688_07012009_BMI_RWB_1","7/1/09",0.5795684,0.59621084,0.58788962,33.75289,-116.70609,0,-6e-04,-8e-04,0,NA,NA,NA,-0.0109,0,-0.0115,0,0,0,0,-0.0023,0
"397","SMCR8_713","SMCR8_713_06232006_BMI_RWB_1","6/23/06",0.65536081,1.1040236,0.8796922,34.24908,-117.63127,-1,0,0,-7,NA,NA,NA,0,-8,0,-0.0055,1,0,0,0,0
